#,Type,#,Status,Quote,By,Block Height,Date,Link,,
337,,00001,May 4,Running bitcoin,halfin,000078,"Jan 11, 2022",https://twitter.com/halfin/status/1110302988,,
398,,00002,May 5,Buying #Bitcoin IS political activism - activism that works.,real_vijay,705136,"Oct 15, 2021",https://twitter.com/real_vijay/status/1449045764437528578,,
140,Cool,00003,May 6,"Apart from Bitcoiners, is there a single other contingent of society who has a positive vision for the future?",stack2thefuture,731007,"Apr 9, 2022",https://twitter.com/stack2thefuture/status/1512512137159225347,,
432,,00004,May 6,I‚Äôll fuckin go to jail and wait it out before I give up my coin.,pbrick304,726505,"Mar 9, 2022",https://twitter.com/pbrick304/status/1501397464842223619,,
431,,00005,May 7,My portfolio is 50% #bitcoin and 50% sats.,21Msupply,734454,"May 2, 2022",https://twitter.com/21Msupply/status/1520866383776604164,,
436,,00006,May 7,An attack on mining is an attack on Freedom.,VaderBitcoin,722775,"Feb 11, 2022",https://twitter.com/VaderBitcoin/status/1492129315449982983,,
439,,00007,May 8,"If #bitcoin is a cult, then it‚Äôs still better than fiat because at least I had the option to join.

Fiat forced you to join its cult at birth.",Corey2140,735099,"May 6, 2022",https://twitter.com/Corey2140/status/1522384208336982016,,
441,,00008,May 8,#Bitcoin retires the IMF.,AVBpodcast,734990,"May 5, 2022",https://twitter.com/AVBpodcast/status/1522123341070544898,,
442,,00009,May 9,"Every time Bitcoin dips, I panic sell my fiat.",BTCKris_,717766,"Jan 9, 2022",https://twitter.com/BTCKris_/status/1479897821398458368,,
446,,00010,May 9,"I got 99 problems, but my money and time being stolen through an inflationary currency ain‚Äôt one. #bitcoin",btcdisciple,713234,"Dec 8, 2021",https://twitter.com/btcdisciple/status/1468591523981897732,,
452,,00011,May 10,Let's make Civilizations great again #bitcoin,tw_bitcoin,,,,,
453,,00012,May 10,"We are all Satoshi Nakamoto, except Craig Wright",BarnardStar1,,"Nov 8, 2020",https://twitter.com/BarnardStar1/status/1325249026762084352,,
454,,00012,May 11,"If you can't fund a war, then you can't have a war... #Bitcoin",HODL_sworth,,"Feb 11, 2022",https://twitter.com/HODL_sworth/status/1492146615016165386,,
3,Activism,,,"Government forbids competition in currencies. Why is that? 

Is it because The Fed's dollar would quickly lose the competition with gold, silver, and perhaps even Bitcoin? 

Government can't create gold out-of-thin-air (like it does with dollars) to fund its relentless expansion",RonPaul,,"Apr 9, 2022",https://twitter.com/RonPaul/status/1512823431150116870,,
1,NGU,,,We choose volatile growth over stable debasement.,real_vijay,,"May 22, 2022",https://twitter.com/real_vijay/status/1395873710238699520,,
2,Cyberpunk,,,"It will take time for the idea of decentralized trust through computation to become a part of the mainstream consciousness. Until then, the idea creates cognitive dissonance for those accustomed to centralized trust systems.",aantonop,,"Mar 2, 2022",https://twitter.com/aantonop/status/1499047624409640969,,
4,Cool,,,The entire world comes to a peaceful agreement every 10 minutes. #Bitcoin deserves to be celebrated for that magic alone.,DocumentingBTC,,Invalid,https://twitter.com/DocumentingBTC/status/1512807465225703426,,
5,Sarcasm,,,Diversification: holding bitcoin in many different places,mikeakitt,,"Apr 9, 2022",https://twitter.com/mikeakitt/status/1512595404969316359,,
6,Sarcasm,,,Bitcoin is not a cult. Cults are inherently centralized.,Stories4Satoshi,,"Apr 8, 2022",https://twitter.com/Stories4Satoshi/status/1512397814151761922,,
7,Cool,,,Bitcoin is cool because it lets you feel broke and rich at the same time.,mcgee_bits,,"Apr 8, 2022",https://twitter.com/mcgee_bits/status/1512437272712564737,,
8,Cyberpunk,,,Pro Blockchain is Anti Bitcoin,Peter Theil,,,At BitcoinConf 2022,,
10,Activism,,,I don't care if Bitcoin goes to 420 million. We don't win until Ross is free.,satwiseBTC,,"Apr 27, 2022",https://twitter.com/satwiseBTC/status/1519087273677148160,,
11,,,,Video,LABRAHODL20,,"Apr 25, 2022",https://twitter.com/CPy229/status/1518937123591794699,,
12,Cyberpunk,,,everything in cyberspace worth defending against systemic abuse will be placed under a #BTC PoW cyberdome defense system where control actions must be collateralized in sats. it will be a new security standard. money is just the 1st info/comm system put under a #BTC  cyberdome,JasonPLowery,,"Apr 26, 2022",https://twitter.com/JasonPLowery/status/1518749277601902596,,
13,Value,,,In fiat value. If you understand you don‚Äôt care bc fiat goes to zero anyway. Always has been.,CarlBMenger,,"Apr 25, 2022",https://twitter.com/CarlBMenger/status/1518491736707899392,,
14,Cool,,,"My DNA results came in:

‚Çø          ‚Çø
  ‚Çø     ‚Çø
      ‚Çø
  ‚Çø      ‚Çø
‚Çø          ‚Çø
   ‚Çø     ‚Çø
       ‚Çø  
   ‚Çø    ‚Çø
‚Çø          ‚Çø
   ‚Çø     ‚Çø
       ‚Çø
   ‚Çø     ‚Çø
‚Çø           ‚Çø",LoveIsBitcoin21,,"Apr 26, 2022",https://twitter.com/LoveIsBitcoin21/status/1518871992337850368,,
15,Cyberpunk,,,"A bank account is a 2-of-3 multisig between you, the bank and the State.

Opt out with #Bitcoin",jimbocoin,,"Apr 26, 2022",https://twitter.com/jimbocoin/status/1518661316516405249,,
16,,,,Photo,LoveIsBitcoin21,,"Apr 26, 2022",https://twitter.com/LoveIsBitcoin21/status/1518746078149070851,,
17,Community,,,I'm from South Africa but I'll follow you anyway. We're all in this together.,Ruwaydah_832201,,"Apr 26, 2022",https://twitter.com/Ruwaydah_832201/status/1518709372557434889,,
18,Quotes,,,"In principle, I don‚Äôt believe anyone should own or run Twitter. It wants to be a public good at a protocol level, not a company. Solving for the problem of it being a company however, Elon is the singular solution I trust. I trust his mission to extend the light of consciousness.",jack,,"Apr 26, 2022",https://twitter.com/jack/status/1518772756069773313,,
19,Energy,,,"Fucking bullish on fucking bitcoiners, fuck.",dergigi,,"Apr 26, 2022",https://twitter.com/dergigi/status/1518684040785797121,,
20,Nation State,,,"No wonder Central African Republic adopted #Bitcoin, their neighbouring country is Chad",tulkooo2,,"Apr 25, 2022",https://twitter.com/tulkooo2/status/1518327180752793600,,
21,Sarcasm,,,Plebs are not priced in.,LoveIsBitcoin21,,"Apr 25, 2022",https://twitter.com/LoveIsBitcoin21/status/1518549233019805698,,
22,Censorship resistant,,,"build, use, and support censorship resistant freedom tech",ODELL,,"Apr 25, 2022",https://twitter.com/ODELL/status/1518625042392920065,,
23,,,,"This exchange continues to haunt me
Photo",redletterdave,,"Apr 25, 2022",https://twitter.com/redletterdave/status/1518585718012059648,,
24,Community,,,"There's no tribe like the #Bitcoin tribe ‚ù§Ô∏è
Photo",EthanBitcoin,,"Apr 25, 2022",https://twitter.com/EthanBitcoin/status/1518517567933251587,,
25,,,,"Ok #bitcoin plebs. 
I‚Äôd like to double my following. 
Where are you guys? 
Gimme a sign below so I can follow you. 
Retweets are very appreciated ‚ô•Ô∏è",btcfts,,"Apr 25, 2022",https://twitter.com/btcfts/status/1518613836613529610,,
26,Maxi,,,How loudly one complains about toxic maximalism is proportional to their previous or future shitcoining.,escape2btc,,"Mar 30, 2022",https://twitter.com/escape2btc/status/1508934865395150849,,
27,,,,"Bitcoin Core 23.0 has been released üéâ
I contributed a bit of code myself üôÇ
https://lists.linuxfoundation.org/pipermail/bitcoin-core-dev/2022-April/000111.html",lopp,,"Apr 25, 2022",https://twitter.com/lopp/status/1518599961679650817,,
28,Mission,,,"There is no plan B

Bitcoin is the only plan

And Bitcoiners will do or die",EthanBitcoin,,"Apr 25, 2022",https://twitter.com/EthanBitcoin/status/1518473861666201601,,
29,Orange pilling,,To explore,"What is your opening line when orange pilling someone? 

#Bitcoin",21Msupply,,"Apr 25, 2022",https://twitter.com/21Msupply/status/1518259034952024071,,
30,,,,"Happy to help those that ask. Tired of talking at the folks still defending the matrix.
Photo",orion_kos,,"Apr 25, 2022",https://twitter.com/orion_kos/status/1518299948512686083,,
31,Cyberpunk,,,"With bitcoin we hard forked reality.

Those stuck in the old chain of knowledge are going to get blasted.",IndividuSouvryn,,"Apr 25, 2022",https://twitter.com/IndividuSouvryn/status/1518389532978126848,,
32,"Freedom, Photo",,,"#Bitcoin delivers freedom around the world every ten minutes.
Photo",thebtcco,,"Apr 25, 2022",https://twitter.com/thebtcco/status/1512954942813786121,,
33,Corporate,,,Visa and BTC are polar opposites.,ValantThor,,"Apr 21, 2022",https://twitter.com/ValantThor/status/1517009441350107138,,
34,History,,,"So much love to all who helped.

History won‚Äôt be kind to the political and financial tyrants grasping the final strings of control, quarterly dividends, and cantillionaire benefits. 

It will tell the story of the people who needed help and were supported by the nerds who cared.","
abitcoinperson",,"Apr 21, 2022",https://twitter.com/abitcoinperson/status/1516998490982952961,,
35,Shitcoin,,,"""Shitcoins are called shitcoins because they are shit compared to Bitcoin."" ‚Äï 
@BitcoinErrorLog",btc_quotes,,"Apr 24, 2022",https://twitter.com/btc_quotes/status/1518137707196821505,,
36,Activism,,,This is not the end of times. This is the beginning of Time. #Bitcoin,dergigi,,"Apr 24, 2022",https://twitter.com/dergigi/status/1518212401023303681,,
37,,,,Photo,AbelitoPanama,,"Apr 23, 2022",https://twitter.com/AbelitoPanama/status/1517913177522151424,,
38,,,,Photo,balao_mo,,"Apr 25, 2022",https://twitter.com/balao_mo/status/1518372943239294977,,
39,Nation State,,,HUGE BREAKING NEWS - The Central African Republic has unanimously passed a bill to adopt #Bitcoin as legal tender.,Dennis_Porter_,,"Apr 24, 2022",https://twitter.com/Dennis_Porter_/status/1518291950188781571,,
40,"Legend, Photo",,,"Hal was such a visionary in understanding the future of bitcoin. 
Ofcourse bitcoin can‚Äôt scale and shouldn‚Äôt to handle P2P transactions. 2nd layer solns will enable that.

Bitcoin will not replace banks. It will provide the ultimate settlement for banks, nations & institutions.

Photo",sfrdev,,"Apr 24, 2022",https://twitter.com/sfrdev/status/1518277421648293889,,
41,Legend,,,"""Bitcoin seems to be a very promising idea. I like the idea of basing security on the assumption that the CPU power of honest participants outweighs that of the attacker. It is a very modern notion that exploits the power of the long tail."" - 
@halfin",Bitcoin4India,,"Apr 24, 2022",https://twitter.com/Bitcoin4India/status/1518151907923341313,,
42,Activism,,,"They printed $10,000,000,000,000 gave out $1,400 in stimmy checks, sent the rest to their homies and left you with 8% inflation. 

Brilliant for a few, very painful for you. That‚Äôs the fiat system. #Bitcoin fixes this.",CarlBMenger,,"Apr 24, 2022",https://twitter.com/CarlBMenger/status/1517985150512082945,,
43,Cool,,,I‚ö°U,LoveIsBitcoin21,,"Apr 24, 2022",https://twitter.com/LoveIsBitcoin21/status/1518080925342568450,,
44,Activism Thread,,,Is our own government becoming our biggest threat?,realGregKarnes,,"Apr 24, 2022",https://twitter.com/realGregKarnes/status/1517518618820595714,,
45,Activism Thread,,,Always has been.,dergigi,,"Apr 24, 2022",https://twitter.com/dergigi/status/1517945502343610369,,
46,Thread,,,"A war is brewing in the US over who controls the money supply!

Time for a thread breaking down üëá

-The attack that's currently being waged on the Federal Reserve
-The Treasuries attempts to introduce a ‚Äò‚Äôdigital greenback‚Äô‚Äô
-Biden‚Äôs executive order on CBDC's

1/",1MarkMoss,,"Apr 23, 2022",https://twitter.com/1MarkMoss/status/1517582126299893762,,
47,Thread,,,"To understand why a war has been waged on the Federal reserve, we need to understand why someone would want to attack them in the first place

Ever since the Fed began meddling in the markets in 1913,  they've created enormous distortions in the boom and bust cycle

2/",1MarkMoss,,"Apr 23, 2022",https://twitter.com/1MarkMoss/status/1517582137922306049,,
48,Thread,,,"We‚Äôve seen central banks all around the world, using their inflationary policies to create some enormous asset bubbles all around the world over the past century

These asset bubbles benefit the rich who're able to store their wealth in assets, easier than the everyday person

3/",1MarkMoss,,"Apr 23, 2022",https://twitter.com/1MarkMoss/status/1517582149645475842,,
49,Thread,,,"These asset bubbles and uncontrollable monetary inflation have destroyed the purchasing power of our money.

Inflation disproportionately hurts the lower and middle class of society.

Under our current monetary system,  the rich get richer, the poor get poorer

4/",1MarkMoss,,"Apr 23, 2022",https://twitter.com/1MarkMoss/status/1517582156150812672,,
50,Thread,,,"Many people ask, ''just how long can these central bankers get away with this for?''

Well, we‚Äôve seen many attempts to end central banks in the past. 

And today, we're witnessing another one of these attacks, and it's coming from the US government itself. 

5/",1MarkMoss,,"Apr 23, 2022",https://twitter.com/1MarkMoss/status/1517582163776004096,,
51,Thread,,,"On the 28th of March, a group of US lawmakers introduced a bill called The ‚Äò‚ÄôECASH Act,‚Äô‚Äô into the House Committee on Financial Services.

If the bill passed, it would allow the Treasury to test the creation and distribution of a ‚Äòdigital dollar,‚Äô completely bypassing the Fed

6/",1MarkMoss,,"Apr 23, 2022",https://twitter.com/1MarkMoss/status/1517582170881249282,,
52,Thread,,,"The treasury says the ‚Äò‚ÄôECASH will be a digital analog to the ‚Äò‚Äôgreenback.‚Äô‚Äô

Now, what‚Äôs the important link here about the mention of a ‚Äò‚Äôgreenback‚Äô‚Äô?

The origins and backstory of the original greenback dollar relate to the current war on money that we‚Äôre witnessing today. 

7/",1MarkMoss,,"Apr 23, 2022",https://twitter.com/1MarkMoss/status/1517582181727625216,,
53,Thread,,,"Abraham Lincoln did exactly what the treasury is proposing today, when he created the greenback dollar in 1862. 

The infamous American civil war began in 1861, and Lincoln quickly realized the war was going to be more expensive than he originally envisaged. 

8/",1MarkMoss,,"Apr 23, 2022",https://twitter.com/1MarkMoss/status/1517582190921584641,,
54,Thread,,,"The bankers, who were wishing the Union to fail, offered Lincoln loans at predatory interest rates between 24% and 36%,.

Lincoln declined, and simply proceeded to printed 450 million dollars worth of the new bills using green ink on the back, birthing the ''Greenback.''

9/",1MarkMoss,,"Apr 23, 2022",https://twitter.com/1MarkMoss/status/1517582200526548993,,
55,Thread,,,"Now, this ECASH proposal came only 2 weeks after we received the long-awaited results of Biden‚Äôs executive order on digital currency.

The order requires the treasury department to URGENTLY investigate how the Fed can implement CBDCs, and report back to Biden within 180 days

10/",1MarkMoss,,"Apr 23, 2022",https://twitter.com/1MarkMoss/status/1517582247657971715,,
56,Thread,,,"However, CBDC‚Äôs don‚Äôt appear to be popular with all members of the US government. 

US Representative Tom Emmer, and Texas senator, Ted Cruz, have both submitted bills to disallow the Federal Reserve from creating a CBDC.

11/",1MarkMoss,,"Apr 23, 2022",https://twitter.com/1MarkMoss/status/1517582257258745857,,
57,Thread,,,"So the question remains, how will the money wars unfold in the US?

Will the Fed lose its power to create money?

Will the treasury sieze the power to create money?

Will the US create a CBDC?

How does #bitcoin fit into all of this?

12/",1MarkMoss,,"Apr 23, 2022",https://twitter.com/1MarkMoss/status/1517582259859111936,,
58,Thread,,,"For the full breakdown of these questions and the money war that‚Äôs unfolding in the US today, make sure you don‚Äôt miss my recent video- 
https://youtube.com/watch?v=lY_XjIkDhv0 ",1MarkMoss,,"Apr 23, 2022",https://twitter.com/1MarkMoss/status/1517582261721440256,,
59,Community,,,"Going to a bitcoin meetups is good for the soul. It reminds you that there are good hearted people left in the world, just genuinely working to improve the world around them. 

Bitcoiners are my people. 
Love you psychopathsüß°",MsHodl,,"Apr 23, 2022",https://twitter.com/MsHodl/status/1517640621187608578,,
60,,,,"Teach. Them.  Now.
Photo",GVictoriaB,,"Apr 23, 2022",https://twitter.com/GVictoriaB/status/1517699582439804928,,
61,Community,,,"I don‚Äôt know who needs to hear this, but there is no bitcoin community.",btcmoonguy,,"Apr 23, 2022",https://twitter.com/btcmoonguy/status/1517590374860087297,,
62,,,,"The rabbit hole goes deep, friends.
Photo",beeforbacon1,,"Apr 22, 2022",https://twitter.com/beeforbacon1/status/1517505354317414401,,
63,Rules,,,"#Bitcoin is rules without rulers.
CBDCs are rulers without rules.",bitcoinfool,,"Apr 23, 2022",https://twitter.com/bitcoinfool/status/1517670500994252800,,
64,,,,"I've had too much Whiskey
Photo",1stRdK0,,"Apr 23, 2022",https://twitter.com/1stRdK0/status/1517739650256932864,,
65,Cool,,,"Working on bitcoin is like being a schrodinger's cat.

There's so much to learn that you feel late to everything and there's so much to build that reminds you it's still so early.",adibitcoin,,"Apr 23, 2022",https://twitter.com/adibitcoin/status/1517654149449592832,,
66,Activism,,,Proof-of-Work will win against the EU because it was designed to do so.,callebtc,,"Apr 22, 2022",https://twitter.com/callebtc/status/1517474448168914944,,
67,,,,"Bitcoin Facts
Photo",CedYoungelman,,"Apr 22, 2022",https://twitter.com/CedYoungelman/status/1517308358365257731,,
68,Activism,,,It's bitcoin. Be mentally prepared to slay your heroes. All of them.,dergigi,,"Jul 13, 2020",https://twitter.com/dergigi/status/1271781575701737472,,
69,,,,Photo: Stockholm Syndrome,lopp,,"Apr 22, 2022",https://twitter.com/lopp/status/1517265193822212101,,
70,Maxi,,,"The more you understand Bitcoin, the more emotional you get about how f'ing magnificent it is ü•π",OliverOffing,,"Apr 22, 2022",https://twitter.com/OliverOffing/status/1517291016948224001,,
71,,,,"Only a matter of time #bitcoin
Photo: Dam barrier",missnatoshi,,"Apr 20, 2022",https://twitter.com/LoveIsBitcoin21/status/1517144010682368001,,
72,,,,"Seems as though we're having the intended effect.
Photo: Meme",gregzaj1,,"Apr 21, 2022",https://twitter.com/gregzaj1/status/1516947507129077760,,
73,Shitcoin,,,"Everyone who got rich off of a shitcoin premined out of thin air whose only application is generating press releases with false promises agrees: Toxic bitcoin maximalism is holding back the crypto industry!

Join us now & help us hold them back even more!",saifedean,,"Apr 21, 2022",https://twitter.com/saifedean/status/1516905862023069699,,
74,Trend - Psychopath,,,"Synced and validated 13 years of #Bitcoin blocks in a day, like a psychopath.",Excellion,,"Apr 21, 2022",https://twitter.com/Excellion/status/1516953297848082433,,
75,Fiat,,,"Fiat is designed to go down in value. #Bitcoin is designed to go up in value. $1,000,000 per #Bitcoin is therefore a conservative price tag.",CarlBMenger,,"Apr 20, 2022",https://twitter.com/CarlBMenger/status/1516720358392569858,,
76,,,,Photo: Putin's fault,Rage_lil_Red,,"Apr 20, 2022",https://twitter.com/Rage_lil_Red/status/1516787792013139978,,
78,,,,Photo: Extremely efficient at crossing $40K,BTCLiotta04,,"Apr 19, 2022",https://twitter.com/BTCLiotta04/status/1516358098457448449,,
79,Cool,,,"This pump is brought to you by the Institute For Low Time Preference Studies in collaboration with the Hodler Foundation, the Big Orange Balls Consortium, and the Satoshi Trust, a charitable organization devoted to the advancement of hodler lifestyles and hodler communities.
Photo",JohnnyBeeTC,,"Apr 19, 2022",https://twitter.com/JohnnyBeeTC/status/1516420431745585154,,
80,Satoshi,,,"As the üåé is ripped apart, #Satoshi hands us the glue. #Bitcoin",lisa_hough_,,"Apr 19, 2022",https://twitter.com/lisa_hough_/status/1516224388802228236,,
81,Freedom,,,"Bitcoin‚Äôs design:
Even if people are only in for ‚Äûnumber go up‚Äú and don‚Äôt care about human rights their participation strengthens the system and makes ‚Äûfreedom go up‚Äú for those, who need it.",AnitaPosch,,"Apr 18, 2022",https://twitter.com/AnitaPosch/status/1516080052269686785,,
82,,,,"#Bitcoin and the next 10,000 years
Photo",DocumentingBTC,,"Apr 19, 2022",https://twitter.com/DocumentingBTC/status/1516416806101127178,,
83,,,,The fight is never over.,AriZonanHOD,,"Apr 19, 2022",https://twitter.com/AriZonanHODL/status/1516180698658312194,,
84,PoW,,,"You cannot ‚Äúfix‚Äù proof of work, but proof of work can fix you.",Breedlove22,,"Apr 18, 2022",https://twitter.com/Breedlove22/status/1516088136258015245,,
85,Trend - Psychopath,,,Relentless #bitcoin psychos,plan_marcus,,"Apr 19, 2022",https://twitter.com/plan_marcus/status/1516210207617171461,,
86,,,,Photo: Saylor. You think there is a second best,LoveIsBitcoin21,,"Apr 19, 2022",https://twitter.com/LoveIsBitcoin21/status/1516339739464458244,,
88,Satoshi,,,"Love how  @adam3us pointed out at the very end of his interview with @natbrunell that Satoshi created #Bitcoin in a way that all that we are currently doing are basically optimizations.

Guess he didn't mean min cost flows for #lightningnetwork payments, yet they're a good example",renepickhardt,,"Apr 18, 2022",https://twitter.com/renepickhardt/status/1516051435972186115,,
89,Socialism,,,Girl: I'm a Socialist; Boy: I dont understand Economic either,LoveIsBitcoin21,,"Apr 18, 2022",https://twitter.com/LoveIsBitcoin21/status/1515961272411561985,,
90,Trend - Psychopath,,,Photo: Satoshi was the first psychopath,Jroper_10,,"Apr 18, 2022",https://twitter.com/Jroper_10/status/1515518302927441920,,
91,Growth,,,"We should expect Bitcoin‚Äôs network effect to expand faster than the internet for one simple reason:

The internet spread on analog rails. 

Bitcoin is spreading on the digital rails of the internet itself.",WClementeIII,,"Apr 17, 2022",https://twitter.com/WClementeIII/status/1515502147391082502,,
92,Trend - Psychopath,,,Photo: I sold all my chairs to stack more sats. Like a psychopath,PatrickBl4ke,,"Apr 17, 2022",https://twitter.com/PatrickBl4ke/status/1515607119935979520,,
93,Activism,,,Monetary debasement is modern day slavery | and you are its poster boy | enjoy #history,jicamet,,"Apr 17, 2022",https://twitter.com/jicamet/status/1515618534382088195,,
94,Cyberpunk,,,"Give me full control of #bitcoin nodes, and I care not who mines it.",AussieHodl,,"Apr 17, 2022",https://twitter.com/AussieHodl/status/1515619630072537088,,
95,Activism,,,"China is a warning to the world what governments can do to people.

Be prepared. The real war is freedom vs authoritarianism.

Everything else is just a distraction.",nolim1t,,"Apr 17, 2022",https://twitter.com/nolim1t/status/1515566527923179523,,
96,,,,"Couldn't help it, orange pilled until 3am last night.",Printer_Gobrrr,,"Apr 17, 2022",https://twitter.com/Printer_Gobrrr/status/1515605739724750849,,
97,,,,Decreasing supply + Increasing demand = NGU. #Bitcoin,BitcoinSapiens,,"Apr 17, 2022",https://twitter.com/BitcoinSapiens/status/1515426834577600518,,
98,,,,PHOTO: GIF Meme,The_Grey_Cross,,"Apr 17, 2022",https://twitter.com/The_Grey_Cross/status/1515472070460817409,,Pri
99,,,,Photo: Have fun staying poor,TheBTCTherapist,,"Apr 17, 2022",https://twitter.com/TheBTCTherapist/status/1515421000581754893,,
100,Dystopia,,,Think for yourself - it's not illegal yet.,lopp,,"Apr 17, 2022",https://twitter.com/lopp/status/1515437534406488066,,
101,"Activism, Community",,,"Do not ask permission. Build grassroots local bitcoin economies. Governments will have to choose between embracing us or fighting us.

This is the story of El Zonte and El Salvador.",ODELL,,"Apr 16, 2022",https://twitter.com/ODELL/status/1515316421550616577,,
102,Maxi,,,If you are going to put all your eggs in one basket make sure #bitcoin nodes are watching that basket.,saylor,,"Apr 16, 2022",https://twitter.com/saylor/status/1515315096037244931,,
103,Dev,,,"In 2013 @adam3us spent 4 months trying to improve #Bitcoin and he found that if you improve #Bitcoin in a way, it gets worse in many other way.
#Bitcoin exists in a narrow packed of design space and it seems that you can't really improve it.

@BlockstreamTalk",MuatafaGMI,,"Apr 13, 2022",https://twitter.com/MuatafaGMI/status/1514020818145189894,,
104,Cool,,,#Bitcoin has added years to my life,natbrunell,,"Apr 15, 2022",https://twitter.com/natbrunell/status/1514689680423358489,,
105,Orange pill,,,When you understand #bitcoin you unfortunately also understand how f**** up the world is‚Ä¶,BTC_for_Freedom,,"Apr 15, 2022",https://twitter.com/BTC_for_Freedom/status/1514858616007892992,,
106,Cool,,,Lightning ‚ö° turns me on ‚ò∫Ô∏è.,LoveIsBitcoin21,,"Apr 14, 2022",https://twitter.com/LoveIsBitcoin21,,
108,Dev,,,"Bitcoin offers one service: securely time-stamped, scripted transactions. Everything else is built on the edge-devices as an application. Bitcoin allows any application to be developed independently, without permission, on the edge of the network. 
#bitcoin",aantonop,,"Apr 15, 2022",https://twitter.com/aantonop/status/1514632039580016652,,
109,,,,Photo: Save no coiners vs Fk them,BlueCollarBTC21,,"Apr 13, 2022",https://twitter.com/BlueCollarBTC21/status/1514038665508372480,,
110,Maxi,,,"If you're a #Bitcoin Maximalist, you know you're a hated figure because nobody wants to face the fact that they've been dead wrong their whole lives about something so basic as money.",maxkeiser,,,,,
111,Maxi,,,Shoutout to all #Bitcoin maxis who are alone with their addiction and don't know anyone else to talk to because nobody started a meetup in their town.,callebtc,,"Apr 13, 2022",https://twitter.com/callebtc/status/1514157081347211264,,
112,Trend - Psychopath,,,psy¬∑cho¬∑path (noun): an individual who believes in freedom and sound money,@EllieFrost,,"Apr 13, 2022",https://twitter.com/EllieFrost/status/1514245922263375873,,
113,Rules,,,You don't need an army to build a monetary network. It just needs fair rules and people. That's it. That's #Bitcoin,CarlBMenger,,"Apr 13, 2022",https://twitter.com/CarlBMenger/status/1514272297649065995,,
114,Privacy,,,"Without privacy, there was no point in being an individual.",Jonathan Franzen,,,,,
115,Privacy,,,Anonymity is body armour,detvcader,,"Apr 13, 2022",https://twitter.com/detvcader/status/1514038100271693828,,
116,,,,Photo: Morpheus: You think that's money in ur bank account,dstadulis,,"Apr 13, 2022",https://twitter.com/dstadulis/status/1514006837485522955,,
117,Satoshi,,,"Satoshi gave us 33 epochs spanning over 130 years to kick start this global monetary revolution. I think even he would be surprised at how quickly #Bitcoin has taken over the world. Hyperbitcoinization is well on its way, and yet we are still so early.",w_s_bitcoin,,"Apr 13, 2022",https://twitter.com/w_s_bitcoin/status/1513967254966317062,,
118,Fiat,,,I feel like I live a double life: my fiat job and my Bitcoin self. Anyone else relate?,isabellasg3,,"Apr 13, 2022",https://twitter.com/isabellasg3/status/1514047833569124362,,
119,Privacy,,,"There is a sacred realm of privacy for every man and woman where he makes his choices and decisions‚Äâ‚Äî‚Äâa realm of his own essen¬≠tial rights and liber¬≠ties into which the law, gener¬≠ally speaking, must not intrude.",Geoffrey Fisher,,"Apr 13, 2022",https://twitter.com/dergigi/status/1514261480522362893,,
120,Trend - Psychopath,,,I went from a 0% bitcoin allocation to full out psychopath in 18 months,PlateLicker_21m,,"Apr 13, 2022",https://twitter.com/PlateLicker_21m/status/1514092922395938817,,
121,,,,Photo: Why do you need privacy? Yes. I am leaking govt files,lopp,,"Apr 13, 2022",https://twitter.com/lopp/status/1514056903139155972,,
122,DCA,,,DCAs are the best way to optimise your returns. Probably the best way to earn the highest returns per unit of stress,Bitcoin4India,,"Apr 13, 2022",https://twitter.com/Bitcoin4India/status/1514077154006355973,,
123,Trend - Psychopath,,,I saw a man buying #Bitcoin today. No screenshot. No tweet. He just bought #Bitcoin quietly. Like a psychopath.,Excellion,,"Apr 13, 2022",https://twitter.com/BitcoinSapiens/status/1513976433487589385,,
124,Activism,,,"Passover is just around the corner. 
Among its many lessons is that it took an exodus to escape slavery.  

An exodus. 
Not an overthrow. 
An exodus. 

Take action to exit that which enslaves you.",TomerStrolight,,"Apr 12, 2022",https://twitter.com/TomerStrolight/status/1513667804779712515,,
125,Cool,,,I'm addicted to both Bitcoin and bitcoin.,callebtc,,"Apr 12, 2022",https://twitter.com/callebtc/status/1513901697759911944,,
126,Politics,,,"Every administration, republican or democrat, has an opportunity to build trust with the public.

Instead, every single time, they choose deception and zero accountability. It‚Äôs not the party, it‚Äôs the system.",jack,,"Apr 12, 2022",https://twitter.com/jack/status/1513708652951228416,,
127,Gold,,,"#Gold has gone from $0 to $2000 in 5000 years.

#Bitcoin has gone from $0 to $40,000 in 13 years.",AltcoinDailyio,,"Apr 12, 2022",https://twitter.com/AltcoinDailyio/status/1513531063447949316,,
128,Inflation,,,"#Inflation is worse than you think, and #Bitcoin is better than you know.",saylor,,"Apr 12, 2022",https://twitter.com/saylor/status/1513861445913616384,,
129,"Shitcoin, Marriage",,,"My advice to everyone who is keen on getting marriedü§ûüèªü§£

"" In a world full of shitcoins, find your Bitcoin""",Shilika_jain,,"Apr 12, 2022",https://twitter.com/Shilika_jain/status/1513773827129757696,,
130,Shitcoin,,,"Buying shitcoins because 'bitcoin is too expensive'

is like eating garbage because real food is too expensive.

#Bitcoin fcuking only.",BitcoinMorning,,"Apr 11, 2022",https://twitter.com/BitcoinMorning/status/1513406229452042241,,
131,"FIat, Maxi",,,"If you are scared of #bitcoin maximalists, then you haven't seen what fiat maximalists are capable of and have done to humanity in the past.",buschi180,,"Apr 11, 2022",https://twitter.com/buschi180/status/1513515006742220808,,
132,Fiat,,,"Fiat gives you utterly disproportionate access to the means of violence, control, and politics. 

#Bitcoin gives you disproportionate access to personal protection, voluntary exchange, and self-sovereignty.",dergigi,,"Apr 10, 2022",https://twitter.com/dergigi/status/1513070901004324864,,
133,,,,Photo: Absolute digital scarcity,knutsvanholm,,"Apr 10, 2022",https://twitter.com/knutsvanholm/status/1513016831153426435,,
134,"Dev, Trust",,,I trust the bitcoin protocol the same way I trust TCP/IP standard gauge rail and the metric system,_business_cat,,"Apr 10, 2022",https://twitter.com/_business_cat/status/1513123262477352969,,
135,"Miami, Sarcasm",,,"Miami made me realize that all my friends are Bitcoiners. 

I lost my normie friends in a Bitcoin accident.",Bitcoin_phan,,"Apr 10, 2022",https://twitter.com/Bitcoin_phan/status/1513125560846848003,,
136,Fiat,,,Fiat is rooted in military power. #Bitcoin is rooted in computational power.,dergigi,,"Apr 10, 2022",https://twitter.com/dergigi/status/1513073407793025024,,
137,Maxi,,,"#Bitcoin = The currency of decolonization.
Superbly said",alphahornet001,,"Apr 8, 2022",https://twitter.com/alphahornet001/status/1512160415203082257,,
138,,,,"This message can never be shared enough time. 

Video: 
Hayek on Bitcoin",BTCGandalf,,"Apr 10, 2022",https://twitter.com/BTCGandalf/status/1512892477841330189,,
139,Activism,,,"Government forbids competition in currencies. Why is that? 

Is it because The Fed's dollar would quickly lose the competition with gold, silver, and perhaps even Bitcoin? 

Government can't create gold out-of-thin-air (like it does with dollars) to fund its relentless expansion.",RonPaul,,"Apr 9, 2022",https://twitter.com/RonPaul/status/1512823431150116870,,
141,Cool,,,The dollar is an illusion. #Bitcoin is real.,real_vijay,,"Apr 9, 2022",https://twitter.com/real_vijay/status/1512789585696153602,,
142,,,,"Having been an institutional investor for over 25 years, and after spending just a few days at #Bitcoin2022, I can confidently say that the network of intelligence in #Bitcoin is far superior to that of Wall Street. 

It‚Äôs not even close.",jameslavish,,"Apr 9, 2022",https://twitter.com/jameslavish/status/1512786812791631874,,
143,,,,Diversification: holding bitcoin in many different places,mikeakit,,"Apr 9, 2022",https://twitter.com/mikeakitt/status/1512595404969316359,,
144,,,,"Did anyone guess that @RobinhoodApp would interstate lightning before @coinbase ? Honestly, that‚Äôs embarrassing.","dubyabee1
",,"Apr 8, 2022",https://twitter.com/dubyabee17/status/1512201044213739523,,
145,,,,"#Bitcoin maximalist are in it for the long run, keep your fiat! We want world domination as the world reserve currency and all that. To defeat the central banks, bitcoin is our ONLY chance to achieve this. 

Don't fud bitcoin maximalism or bitcoin..

Cool MEME",GhostLimburg3rt,,"Apr 8, 2022",https://twitter.com/GhostLimburg3rt/status/1512453511161778177,,
146,,,,Bitcoin is freedom and Ethereum is central banking.,sthenc,,"Apr 9, 2022",https://twitter.com/sthenc/status/1512575554050039820,,
147,,,,Bitcoin is not a cult. Cults are inherently centralized.,"Stories4Satoshi
",,"Apr 8, 2022",https://twitter.com/Stories4Satoshi/status/1512397814151761922,,
148,,,,Bitcoin is cool because it lets you feel broke and rich at the same time.,mcgee_bits,,"Apr 8, 2022",https://twitter.com/mcgee_bits/status/1512437272712564737,,
149,,,,"I love how with #bitcoin everyone has to start from 0.
0 sats. 0 knowledge. 
You can leave your PHD at the door. It stands for poor hopeless dollar.
#bitcoin doesn‚Äôt care if you live on park avenue or sleep on park bench. 
Those humble enough to learn will win the game.","AriZonanHODL
",,"Apr 8, 2022",https://twitter.com/AriZonanHODL/status/1512175872463175686,,
150,,,,Cryptocurrency is the attack on Bitcoin,GhostofSvetski,,"Apr 7, 2022",https://twitter.com/marjoverse/status/1512099390147764227,,
151,,,,"Store of value: ‚úÖ
Medium of exchange: *LOADING‚Ä¶*
Unit of account: ‚ùå

We are seeing a new global money form right before our eyes.",BitcoinIsaiah,,"Apr 8, 2022",https://twitter.com/BitcoinIsaiah/status/1512206130029768712,,
152,,,,The IRS is gonna have a pretty tough time tracking all of our Chipotle #bitcoin purchases over the LN. Game on. Legal tender is closer than you think.,w_s_bitcoin,,"Apr 8, 2022",https://twitter.com/w_s_bitcoin/status/1512179639917199367,,
153,,,,Twitter has gone from being led by a Bitcoin Maximalist to a shitcoiner.,"BTCGandalf
",,"Apr 5, 2022",https://twitter.com/BTCGandalf/status/1511391536973430785,,
154,,,,BREAKING: Microstrategies is trying to buy all your #Bitcoin so put your lettuce hands away.,GoingParabolic,,"Apr 6, 2022",https://twitter.com/GoingParabolic/status/1511415167413886981,,
155,,,,"‚ÄúEvery dictator has a plan until #Bitcoin punches them in the mouth.‚Äù
@gladstein
 at Beefsteak","cryptograffiti
",,"Apr 6, 2022",https://twitter.com/cryptograffiti/status/1511522613566267407,,
156,,,,"Isn't it strange that central banks are the most powerful institutions in democracies, yet they are not democratically elected? #Bitcoin fixes democracy. It‚Äôs naturally adopted by individuals. Without force. Bottom up instead of top down technology
PHOTO","CarlBMenger
",,"Apr 6, 2022",https://twitter.com/CarlBMenger/status/1511423372902678532,,
157,,,,"With every #Bitcoin bull cycle, you get a few new believers and a lot of people who want to get rich quick. Be the former bc #Bitcoin is so much more than just fiat value.","CarlBMenger
",,"Apr 6, 2022",https://twitter.com/CarlBMenger/status/1511434077114617862,,
158,,,,"If you live in the dollar world, inflation is large, growing and unpredictable.

If you live in the #Bitcoin world inflation is small, shrinking and precisely predictable.

Pick your world wisely.",real_vijay,,"Apr 6, 2022",https://twitter.com/real_vijay/status/1511531280537571332,,
160,,,,"2009
It might make sense just to get some in case it catches on.

2022
It might make sense just to get some before it runs out.",0urobro,,"Apr 5, 2022",https://twitter.com/0urobro/status/1511139628136476672,,
161,,,,"I don't think people fully grasp this yet.

With shitcoins you're looking for a greater fool to dump on.

With Bitcoin you're looking for the greater fool to buy from. 

Everything is going according to plan. #Bitcoin",MrHodl,,"Dec 24, 2020",https://twitter.com/MrHodl/status/1331238049347407874,,Pri
162,,,,Bitcoin deniers are modern day flat Earthers.,IIICapital,,"Apr 4, 2022",https://twitter.com/IIICapital/status/1510965872147505152,,Pri
163,,,,Why not work on something that can change the world for the better? #Bitcoin is hiring.,real_vijay,,"Apr 4, 2022",https://twitter.com/real_vijay/status/1510824104558882821,,Pri
164,,,,"If Bitcoin ever becomes outlawed, I will be an outlaw.",blockchainchick,,"Apr 3, 2022",https://twitter.com/blockchainchick/status/1510612923571490820,,
165,,,,Satoshi opened a bank account for 7.9B people.,sfrdev,,"Apr 3, 2022",https://twitter.com/sfrdev/status/1510651142904111105,,
166,,,,"the days of usenet, irc, the web...even email (w PGP)...were amazing. centralizing discovery and identity into corporations really damaged the internet.

I realize I'm partially to blame, and regret it.",jack,,"Apr 2, 2022",https://twitter.com/jack/status/1510314535671922689,,
167,,,,If bitcoin mining gets banned then it almost exclusively happens in people's homes at low power levels which are hard to detect. Decentralization happens as a result of need.,"SGBarbour
",,"Apr 2, 2022",https://twitter.com/SGBarbour/status/1510261002419552264,,
168,,,,MEME: Satoshi and Economy: Rubik cube,naiivememe,,"Apr 2, 2022",https://twitter.com/naiivememe/status/1510553941649797125,,
169,,,,"Ethereum has 1000 competitors, #Bitcoin has none.",real_vijay,,"Apr 3, 2022",https://twitter.com/real_vijay/status/1510442459125321730,,
170,,,,"Even if #Bitcoin were to fail, I would fail with it. We are moving towards a totalitarian world order. What good is the most beautiful planet if you are locked up and monitored. #Bitcoin is our only hope against tyranny. Our ticket to opt out. #Hodler for eternity and beyond.",CarlBMenger,,"Apr 2, 2022",https://twitter.com/CarlBMenger/status/1510025472259801094,,
171,,,,"""Any society that will give up a little liberty to gain a little security will deserve neither and lose both"" - Benjamin Franklin #unhostedwallets #eu #TFR #Bitcoin  #cryptocurrency",stevenanthonis,,"Apr 1, 2022",https://twitter.com/stevenanthonis/status/1509799777935970337,,
172,,,,"I'm stacking here, so I don't need luck.","TheGuySwann
",,"Apr 1, 2022",https://twitter.com/TheGuySwann/status/1509778406426087424,,
173,,,,"Finding a bitcoiner is a lot like finding a new exotic Pok√©mon.

Sea full of magikarps... and then suddenly,  a Lapras!","AbhilashNair11
",,"Apr 1, 2022",https://twitter.com/AbhilashNair11/status/1509765880594731010,,
174,,,,PHOTO: We get the tyranny we allow,loop,,"Apr 1, 2022",https://twitter.com/lopp/status/1509651904225288198,,
175,,,,"Q: What do all PoW haters have in common?

A: They don‚Äôt understand PoW",Bquittem,,"Apr 1, 2022",https://twitter.com/Bquittem/status/1509692395356663809,,
176,,,,"FYI @Greenpeace, I switched my energy supplier to one that uses renewables last month. Why? It's saving me money on my electric bill now that I'm mining #Bitcoin at home. Cheap, renewable energy and Bitcoin mining go together like Ripple and getting sued by the SEC. ü§ù","derekmross
",,"Mar 31, 2022",https://twitter.com/derekmross/status/1509499591611330562,,
177,,,,Any algorithm worth banning is an algorithm worth running.,dergigi,,"Apr 1, 2022",https://twitter.com/dergigi/status/1509615423897149451,,
178,,,,"First they came to change block size.

Now it's PoW they're trying to undermine.

Finally it will be the 21m supply cap.

#Bitcoin is stronger than all the vested interests that have tried to undermine it and it will prevail, immutable and unspoiled.","real_vijay
",,"Mar 30, 2022",https://twitter.com/real_vijay/status/1509044691257360389,,
179,,,,"Recently one of my oldest and dearest friends in tech blamed Bitcoin for the GPU shortage.

Bitcoin mining has not used GPU's since ~2013.","wtogami
",,"Mar 30, 2022",https://twitter.com/wtogami/status/1509003620867530759,,
180,,,,"PoW is a fundamental ethical law which few aspire to in their personal life.

In religious parlance, if you don‚Äôt put in the work, you don‚Äôt deserve salvation.

If you get salvation without the work, it means you‚Äôve made a deal with the devil (PoS).

#bitcoin",AussieHodl,,"Mar 30, 2022",https://twitter.com/AussieHodl/status/1509012040639156227,,Pri
181,,,,Gonna laugh so hard if someday Greenpeace has their accounts frozen and they need to use #Bitcoin.,"Excellion
",,"Mar 29, 2022",https://twitter.com/Excellion/status/1508725828036677633,,
182,,,,"The existence of #bitcoin is a problem for Keynesian economists, because it invalidates all their work and existence.",bitofnonce,,"Mar 29, 2022",https://twitter.com/Excellion/status/1508725828036677633,,
183,,,,"Changing the rules of Bitcoin is like changing the rules of chess. 

You can absolutely do it but you‚Äôll only be playing with yourself.",Jon_Hodl,,"Mar 29, 2022",https://twitter.com/Jon_Hodl/status/1508763131383754756,,
184,,,,Open networks beat closed networks. Hence why Bitcoin will inevitably win. Anyone can take advantage of Bitcoin on their platform.,BitcoinIsaiah,,"Mar 29, 2022",https://twitter.com/BitcoinIsaiah/status/1508778701776986121,,
185,,,,"The more you understand #BTC the more you want to evangelise, most people aren't ready but it's OK, all you need to do is spread the seed, you may be that annoying Bitcoiner they first heard this 'crazy talk' from but eventually it will Click üëç & silently they may be thankful.","OndoreVillager
",,"Mar 27, 2022",https://twitter.com/OndoreVillager/status/1508017140657385473,,
186,,,,It‚Äôs only a matter of time before they all see the cyber light. #Bitcoin,saylor,,"Mar 27, 2022",https://twitter.com/saylor/status/1508067525833240579,,
187,,,,1 #Bitcoin allows you to retire within 5 years,knutsvanholm,,"Mar 27, 2022",https://twitter.com/knutsvanholm/status/1508029507562840065,,
188,,,,"Want bitcoin to lose?

Goodluck changing the laws of physics.","idseval
",,"Mar 27, 2022",https://twitter.com/idseval/status/1507983400791121922,,
189,,,,From the people. For the people. #Bitcoin,CarlBMenger,,"Mar 27, 2022",https://twitter.com/CarlBMenger/status/1508008137357463552,,
190,,,,One day #bitcoin will free me and allow me to have all the time back that has been stolen.,btcBobo,,"Mar 27, 2022",https://twitter.com/btcBobo/status/1507915966780350472,,
191,,,,Orange is the new green.,TomerStrolight,,"Mar 26, 2022",https://twitter.com/TomerStrolight/status/1507773395689213961,,
192,,,,"I wanna live, breathe, talk and work with people who have a #bitcoin state of mind.
The rest is pure fiat.",mir_btc,,"Mar 26, 2022",https://twitter.com/mir_btc/status/1507443798565138443,,
193,,,,"To the rescue
PHOTO: Maxis saving new comers from Shitcoins",gronzor,,"Mar 26, 2022",https://twitter.com/gronzor/status/1507452941791334424,,
194,,,,"The reason govts are pushing for a CBDC, digital ID, & vax pass, is because they will enable systematic destruction of our rights to privacy, due process, assembly, free speech, & property.

Any alternative reason they give is just bullsh*t to convince you to swallow it.",TheGuySwann,,"Mar 25, 2022",https://twitter.com/TheGuySwann/status/1507423834655318019,,
195,,,,"Bitcoin cannot be understood as a purely economic good. It is a scientific, social, political and cultural phenomenon that fuses memes and math into a single codex. It is the conjunction of time and value. Bitcoin's significance exceeds fiat's measuring tools.

#Bitcoin",ObiWanKenoBit,,"Mar 26, 2022",https://twitter.com/ObiWanKenoBit/status/1507443035545632768,,
196,,,,"People who *do* understand bitcoin know that proof of work is important and blockchains are not.

People who *don't* understand bitcoin think that blockchains are important and PoW is not.",D_plus__plus,,"Mar 26, 2022",https://twitter.com/D_plus__plus/status/1507593840399577094,,
198,,,,"If you think #Bitcoin uses a lot of energy just wait til you find out how much it costs to secure fiat.
PHOTO",Dennis_Porter_,,"Mar 26, 2022",https://twitter.com/Dennis_Porter_/status/1507475913214087171,,Pri
199,,,,"This is my absolute favorite Satoshi quote.

What I love about it is that it doesn't strike me as coming from a place of conceit, hubris or even malice. It's just practical; it's brutally dispassionate and pragmatic.",SeedSigner,,"Mar 25, 2022",https://twitter.com/SeedSigner/status/1507166993027375105,,
200,,,,"Love is in the air. üëÄ
MEME",CarlBMenger,,"Mar 25, 2022",https://twitter.com/CarlBMenger/status/1507271280109797376,,
201,,,,"If you are using the #Bitcoin Lightning network for the first time:
MEME GIF",CarlBMenger,,"Mar 25, 2022",https://twitter.com/CarlBMenger/status/1507363065431535644,,
202,,,,"#Bitcoin isn‚Äôt a bubble, it‚Äôs the pin.",CarlBMenger,,"Mar 14, 2022",https://twitter.com/CarlBMenger/status/1503300212714094594,,
203,,,,"Anarchy just means no rulers, not no order.",TomerStrolight,,"Mar 24, 2022",https://twitter.com/TomerStrolight/status/1506793886936670210,,
204,,,,"Early bitcoiners didn‚Äôt scratch a lottery ticket. They weren‚Äôt ‚Äúlucky‚Äù. The were intelligent and curious. They found #Bitcoin and made an effort to understand it. They risked their money and reputation. 

Fortune favors the brave.",IoniAppelberg,,"Mar 23, 2022",https://twitter.com/IoniAppelberg/status/1506380934257463297,,
206,,,,"The Top 10 Cryptocurrencies You Need Right Now:

1. Bitcoin ‚úÖ
2.  Bitcoin ‚úÖ 
3. Bitcoin ‚úÖ
4. Bitcoin ‚úÖ
5. Bitcoin ‚úÖ
6. Bitcoin ‚úÖ
7. Bitcoin ‚úÖ
8. Bitcoin ‚úÖ
9. Bitcoin ‚úÖ
10. Bitcoin ‚úÖ

#Bitcoin",MitchKoulouris,,"Mar 22, 2022",https://twitter.com/MitchKoulouris/status/1506269716989595650,,
208,,,,I am once again reminding you that bitcoin under a $1T market cap is just silly.,"lylepratt
",,"Mar 22, 2022",https://twitter.com/lylepratt/status/1506238421970345986,,
209,,,,"There are an infinite amount of numbers inside any finite number.

It didn‚Äôt matter that the supply cap is 21M.

It just mattered that it was capped.
#bitcoin",Corey2140,,"Mar 20, 2022",https://twitter.com/Corey2140/status/1505332945669828613,,
210,,,,"A sat in the hand will eventually be worth ‚ôæ/21M

So will the sat in the exchange - to the exchange","knutsvanholm
",,"Mar 20, 2022",https://twitter.com/knutsvanholm/status/1505491047425716230,,
211,,,,A sat in the hand is worth two in the exchange.,BitcoinErrorLog,,"Mar 20, 2022",https://twitter.com/BitcoinErrorLog/status/1505270235947020293,,
212,,,,MEME: Spidy says ppl in $300T dollar debt is giving you credit score,Ellars,,"Mar 19, 2022",https://twitter.com/Ellars/status/1505032379966054405,,
213,,,,Only two things in life are certain: Death and a max cap of 21 million #Bitcoin. Plan accordingly.,CarlBMenger,,"Mar 18, 2022",https://twitter.com/CarlBMenger/status/1504849345849475073,,
214,,,,Theory as good as any: Satoshi Nakamoto was sent back in time from the dystopic future with a blueprint for something that would kill the otherwise inevitable Skynet of money ‚Äî Central Bank Digital Currencies,gladstein,,"Mar 18, 2022",https://twitter.com/gladstein/status/1504701801945133059,,
215,,,,"The Shadow Plebs are a substrate of the bitcoin network.

We've been here for a decade. We're not influencers. We're not interviewed on podcasts. We don't have large followings.

But we won't compromise our pursuit for a stateless, decentralized, open, monetary-network protocol.","hxn
",,"Mar 18, 2022",https://twitter.com/hxn/status/1504674277768974398,,
216,,,,"Politicians, by their nature, are against proof of work

#bitcoin fixes this",TheStoicCoiner,,"Mar 15, 2022",https://twitter.com/TheStoicCoiner/status/1503586092670279682,,
217,,,,"Inflation is insane right now. 

But that‚Äôs just my 3.5¬¢",GSElevator,,"Mar 15, 2022",https://twitter.com/GSElevator/status/1503585885622874113,,
219,,,,"Good morning, no one is a Bitcoin expert.",BitcoinErrorLog,,"Mar 14, 2022",https://twitter.com/BitcoinErrorLog/status/1503292520247304192,,
220,,,,"If we were going to voluntarily freeze financial accounts of residents of countries unjustly attacking and provoking violence around the world, step 1 would be to freeze all US accounts",jespow Kraken CEO,,"Feb 28, 2022",https://twitter.com/jespow/status/1498112746646241281,,
221,,,,The EU banning PoW would make me far more concerned about the future of the EU than of PoW.,sthenc,,"Mar 13, 2022",https://twitter.com/sthenc/status/1503023507898179586,,
222,,,,"Once you understand this and why this is true, you understand why PoW can't be banned. They can try, though. Won't fly.

Game theory is too ruthless, we are too far in at this point.

#Bitcoin",Satoshi_Fever,,"Mar 14, 2022",https://twitter.com/Satoshi_Fever/status/1503107970489585669,,
223,,,,"If you think that governments can ban #bitcoin, then you don‚Äôt understand #bitcoin.

If you think that governments won‚Äôt try to ban #bitcoin, then you don‚Äôt understand governments.",stack2thefuture,,"Mar 12, 2022",https://twitter.com/stack2thefuture/status/1502699398471462918,,
224,,,,"The church had a monopoly on thought, then came the printing press.

The government had a monopoly on money, then came bitcoin.",cameron,,"Mar 12, 2022",https://twitter.com/cameron/status/1502654069755678720,,
225,,,,"When someone tells you ‚Äúdon‚Äôt put all your eggs in one basket‚Äù speaking of #Bitcoin 

You respond with, ‚ÄúBitcoin is the basket.‚Äù",Astroplanetcol1,,"Mar 11, 2022",https://twitter.com/Astroplanetcol1/status/1502134507171950597,,
226,,,,PHOTO: Inforgraphic,phjlljp,,"Mar 10, 2022",https://twitter.com/phjlljp/status/1501767692939837443,,
227,,,,Intel's new branding: Bitcoin Inside,RyanHasselbeck,,"Mar 11, 2022",https://twitter.com/RyanHasselbeck/status/1502073275601596419,,
228,,,,"TCP/IP
BTC/LN",DocumentingBTC,,"Mar 10, 2022",https://twitter.com/DocumentingBTC/status/1501940411165642754,,
229,,,,MEME: Of Satoshi about Central banks,FULLMETALHODL3,,"Mar 9, 2022",https://twitter.com/FULLMETALHODL3/status/1501528973850804232,,
230,,,,"If you look hard enough, you will see Satoshi Nakamoto everywhere.",saylor,,"Mar 9, 2022",https://twitter.com/saylor/status/1501565796912439300,,
231,,,,"At the peak of this CBDC/great reset dystopia #Bitcoin will achieve critical mass adoption levels and it will gradually destroy the nation states as we know them today.

Won't happen overnight.

Everything else is just noise to distract you from what is really going on.",BitcoinUltras,,"Mar 9, 2022",https://twitter.com/BitcoinUltras/status/1501544981416263684,,
232,,,,"You think the supply shocks of wheat, nickel, gold or oil etc. are impressive? 

Just wait until the world is waking up and people start to realize that there are only 21 million #Bitcoin","GargamelBTC
",,"Mar 9, 2022",https://twitter.com/GargamelBTC/status/1501492844099514376,,
233,,,,MEME Video,naiivememe,,"Mar 8, 2022",https://twitter.com/naiivememe/status/1501135144111194120,,
234,,,,"PayPal isn‚Äôt your pal.
#Bitcoin",SkullBitcoin,,"Mar 6, 2022",https://twitter.com/SkullBitcoin/status/1500479663600279557,,
235,,,,PHOTO: Bitcoin summation formula,DrBitcoinMD,,"Mar 6, 2022",https://twitter.com/DrBitcoinMD/status/1500236898056425472,,
236,,,,Governments around the world have unintentionally created the perfect environment for bitcoin to proliferate and thrive. It is unstoppable,BarrySilbert,,"Mar 6, 2022",https://twitter.com/BarrySilbert/status/1500219182054531072,,
237,,,,Not one person voted for the World Economic Forum ‚Ä¶yet we appear to be Ruled by them. How did this happen?,liz_churchill_,,"Mar 5, 2022",https://twitter.com/liz_churchill_/status/1499892030134181890,,
238,,,,"Russia now has no CNN or Facebook.

How can we reach these great heights as a nation?",DrBitcoinMD,,"Mar 5, 2022",https://twitter.com/DrBitcoinMD/status/1499906275634823170,,
239,,,,"So I‚Äôve recently become obsessed with the connections between #Bitcoin and The Reformation

The Reformation lasted from 1517 to 1648 = 131 years

Bitcoin was launched in 2009 and the last sat will be mined in 2140

2009 to 2140 = 131 years

Coincidence?",decentmoney2009,,"Mar 4, 2022",https://twitter.com/decentmoney2009/status/1499505641844473856,,
241,,,,"Bitcoin is a legal tender everywhere on earth, few understand this.",FarooqAhmedX,,"Mar 3, 2022",https://twitter.com/FarooqAhmedX/status/1499431809133649939,,
242,,,,"Unpopular opinion: Betting on #bitcoin and against the U.S. Dollar is the pro-American bet because the U.S. Dollar doesn't represent traditional American values, it funds entities that want to destroy everything that this country's founders built.",Marketsbylili,,"Mar 2, 2022",https://twitter.com/Marketsbylili/status/1498880515235008518,,
243,,,,"There are 2 types of people in the world. Bitcoin maximalists, and people who don't understand Bitcoin.",el_sha256,,"Mar 2, 2022",https://twitter.com/el_sha256/status/1498874911435026432,,
244,,,,"Since western countries are canceling even Dostoevsky now because he is Russian, here's a hint of what you could cancel next: the biggest part of soviet heritage that exists in every country in the world, all socialist parties and organizations.",fiatjaf,,"Mar 2, 2022",https://twitter.com/fiatjaf/status/1498953873511555073,,
245,,,,Meme: Peter Schiff taking gold to Ukraine to help,dueyfromstlouis,,"Mar 2, 2022",https://twitter.com/dueyfromstlouis/status/1498864732861710337,,
246,,,,I finally got all my #Bitcoin   off the exchanges only to loose it in a boating accident. I'm devastated!,ShaneTrammel,,"Mar 2, 2022",https://twitter.com/ShaneTrammel/status/1498736695990128643,,
247,,,,We all started out as #Bitcoin skeptics.,real_vijay,,"Mar 1, 2022",https://twitter.com/real_vijay/status/1498688886389628929,,
248,,,,"The inflation hedge narrative was good. 
The corporate treasury talking points were fun. 

But the borderless, censorship-resistant, ""fuck off"" freedom money narrative is why Bitcoin exists. 

This is why Bitcoin matters, full stop.",zackvoell,,"Mar 1, 2022",https://twitter.com/zackvoell/status/1498443296670105608,,
249,,,,The merger of Church and State gave us the dark ages. The merger of central banking and the State created modern clown world. Big Tech is trying to merge with the State to create a perfect prison. #Bitcoin is going to destroy the State so these mergers can never again take place.,deepfuckinghodl,,"Feb 26, 2022",https://twitter.com/deepfuckinghodl/status/1497413115713105920,,
250,,,,"bitcoin feels biblical to anyone who has done the work.

it is truly the story of David vs. Goliath, good vs. evil.

bitcoin is our slingshot.",DrBitcoinMD,,"Feb 26, 2022",https://twitter.com/DrBitcoinMD/status/1497455328337739780,,
251,,,,"most people underestimate just how committed bitcoiners are to bitcoin.

volatility doesn't matter.
price doesn't matter.
regulations don't matter.

we hold, we buy, we wait, we win.",DrBitcoinMD,,"Feb 26, 2022",https://twitter.com/DrBitcoinMD/status/1497301096011870211,,
252,,,,"This is probably at least the second time satoshi has introduced #bitcoin to the ppl of earth, last time it was all going well until a comet crashed 12,800 years ago and plunged earth back into the stone ages wiping out Atlantis and all advanced civilisations,",DegenHODLR,,"Feb 26, 2022",https://twitter.com/DegenHODLR/status/1497550484210548737,,Pri
253,,,,Satoshi already separated money from state. The least we can do is never give it back. #Bitcoi,BitcoinSapiens,,"Feb 26, 2022",https://twitter.com/BitcoinSapiens/status/1497423143169773570,,
254,,,,"Plan ‚Çø 
Buy #Bitcoin  üòâ
Meme: Your savings are printed away",BTC_Archive,,"Feb 24, 2022",https://twitter.com/BTC_Archive/status/1496885551441465345,,
255,,,,Imagine leaving your country to escape war and be able to carry life-saving funds by means of memorizing 12 words.,FonzGm,,"Feb 24, 2022",https://twitter.com/FonzGm/status/1496695525319622659,,
256,,,,"Many Canadians now understand why Bitcoin is important. This is a big win

The government panicked, illegally cut people off from their money and showed the world why CBDCs are so dangerous

This was a potent touch point for those who previously thought Bitcoin was optional",NobodyCaribou,,"Feb 24, 2022",https://twitter.com/NobodyCaribou/status/1496872554929209348,,
257,,,,MEME: Bitcoiners discussing bitcoin and Memes,UnusedArmor,,"Feb 25, 2022",https://twitter.com/UnusedArmor/status/1497051428497473540,,
258,,,,MEME: Coma patient,chowcollection,,"Feb 25, 2022",https://twitter.com/chowcollection/status/1497017686634680327,,Pri
259,,,,"My son bought a shitcoin and I still love him. 

Parenting is hard. 

#bitcoin",D_Landreville,,"Feb 23, 2022",https://twitter.com/D_Landreville/status/1496541839758876678,,
260,,,,"Governments cracking down on freedom will be the greatest orange pilling event to ever occur.

You can‚Äôt stop an idea whose time has come. #Bitcoin","danheld
",,"Feb 23, 2022",https://twitter.com/danheld/status/1496249071648096258,,
261,,,,"#Bitcoin is much closer to a clock, than it is a payments app.

If you don‚Äôt understand this, then you‚Äôve no idea why #Bitcoin is valuable, imo.",TheGuySwann,,"Feb 24, 2022",https://twitter.com/TheGuySwann/status/1496563683442540544,,
263,,,,"Bitcoin is already legal tender globally. 

We don't need governments to validate that it is money.",danheld,,"Feb 23, 2022",https://twitter.com/danheld/status/1496529021882011648,,
264,,,,welcome to web3 where every click is a taxable event,lopp,,"Feb 23, 2022",https://twitter.com/lopp/status/1496532770432159752,,
265,,,,You can‚Äôt protest the government using the governments money,BrainHarrington,,"Feb 21, 2022",https://twitter.com/BrainHarrington/status/1495763414282653696,,
266,,,,GIF MEME,plan_marcus,,"Feb 22, 2022",https://twitter.com/plan_marcus/status/1496168601648304135,,
267,,,,"If you think #bitcoin is going to the moon, you‚Äôre a pessimist.",jameslavish,,"Feb 21, 2022",https://twitter.com/jameslavish/status/1495583367483383813,,
268,,,,Going to Disneyland for the first time. Going to find Mickey Mouse and orange pill his ass.,real_vijay,,"Feb 21, 2022",https://twitter.com/real_vijay/status/1495790126823522305,,
269,,,,"The Bitcoin evangelist's curse:

You'll spend years trying to save people from catastrophe only to be mocked by most.

Then, once the skeptics realize they should have paid attention, they'll blame you for not doing a better job convincing them.",lopp,,"Feb 21, 2022",https://twitter.com/lopp/status/1495739150246555652,,
270,,,,"My entire life savings can be yours if you just guess a particular number between 1 and 2^256.  

You can guess as many times as you'd like.

Offer open to any individual or government.  Good luck! #Bitcoin",Croesus_BTC,,"Feb 19, 2022",https://twitter.com/Croesus_BTC/status/1494792984516202496,,Pri
271,,,,Matrix Meme Video,BitcoinAudible,,"Feb 18, 2022",https://twitter.com/TheGuySwann/status/1494412757256577024,,
272,,,,The World Economic Forum is the single largest threat to the World Economy ever,knutsvanholm,,"Feb 17, 2022",https://twitter.com/knutsvanholm/status/1494291685412687876,,
273,,,,Left vs. Right is a false dichotomy. There is only the Real Individual vs. Fictionalized Collectives.,Breedlove22,,"Feb 17, 2022",https://twitter.com/Breedlove22/status/1494061508807954433,,
274,,,,Web3 is the Bitcoin Lightning Network,dannydiekroeger,,"Feb 17, 2022",https://twitter.com/dannydiekroeger/status/1494030132251668480,,
275,,,,"Proof of Stake might work for short lived shitcoins. A trusted federation might work for assets and trading on Liquid. But to get nation states like US, Russian and China to agree on value settlement, you need something truly unhackable, Bitcoin + Proof of Work.",softsimon_,,"Feb 16, 2022",https://twitter.com/softsimon_/status/1493869820869234691,,
276,,,,"Land of the free üá∏üáª

#Bitcoin",nayibbukele,,"Feb 16, 2022",https://twitter.com/nayibbukele/status/1494167671197380609,,
277,,,,"The money in your bank is not only not yours

It is also not money at all",knutsvanholm,,"Feb 16, 2022",https://twitter.com/knutsvanholm/status/1493906066895257600,,
278,,,,"Know this: The money in your bank account is one ""state of emergency"" away from being the government's money...

Buy #Bitcoin",coinbureau,,"Feb 15, 2022",https://twitter.com/coinbureau/status/1493523048624017408,,
279,,,,Any jobs on educating dictators on the tenets of freedom? #btc,BitcoinOllie,,"Feb 15, 2022",https://twitter.com/BitcoinOllie/status/1493601506033119232,,
280,,,,"""Governments and central bankers have done more to drive #Bitcoin adoption than any of us.""",Excellion,,"Feb 15, 2022",https://twitter.com/BitcoinSapiens/status/1493352606906863620,,
281,,,,"Bitcoin will eat all value,
Lightning will eat all payments.",dergigi,,"Feb 14, 2022",https://twitter.com/dergigi/status/1493248118657372166,,
282,,,,More than 4 billion people are unbanked because banks require everyone to be identified on every side of the transaction. This has built a totalitarian surveillance system that monitors every financial transaction from every corner of the planet. #Bitcoin fixes this.,CarlBMenger,,"Feb 13, 2022",https://twitter.com/CarlBMenger/status/1492776396757819395,,
283,,,,"No value is created by issuing a coin. Value is created when people use it. 

Build use cases.",cz_binance,,"Feb 14, 2022",https://twitter.com/cz_binance/status/1493170987327709184,,
284,,,,"With inflation at 7.5%, you lose half your money in 9 years. The only way to outperform that consistently, that I have found, is crypto. Just this year I‚Äôve already lost half my money.",rcm____,,"Feb 13, 2022",https://twitter.com/rcm____/status/1492861918419329025,,
285,,,,So I buy Bitcoin. I join Twitter. Then I find out I'm in a weird cult.,@Satistruth,,"Feb 13, 2022",https://twitter.com/Satistruth/status/1492648155996897280,,
286,,,,"Within our lifetimes #Bitcoin will dematerialize all fiat and value itself will be measured in terms of #bitcoin. Everything there is and ever will be divided by 21 million. #Stock2FOMO
PHOTO: Graph",w_s_bitcoin,,"Feb 12, 2022",https://twitter.com/w_s_bitcoin/status/1492511360193900547,,
287,,,,PHOTO: Comparison: Fiat vs Bitcoin,GhostLimburg3rt,,,https://twitter.com/GhostLimburg3rt/status/1492297021751009283,,Pri
289,,,,"Encryption limits the government, in a way no legislation can #Bitcoin",1MarkMoss,,"Feb 8, 2022",https://twitter.com/1MarkMoss/status/1491058989240573953,,
290,,,,"After over a year trying to figure out the significance of bitcoin, this weekend ComeFraudMe turned the light switch for me, and  - like thousands of others -  I have seen the light. üí°",terrybythebay,,"Feb 8, 2022",https://twitter.com/terrybythebay/status/1490917067968872449,,
291,,,,"Bitcoin DeFi is currently the most obvious contrarian bet in crypto.

It was not obvious a year ago, but the market shifts rapidly.",jbrukh,,"Feb 6, 2022",https://twitter.com/jbrukh/status/1490305152204607491,,
293,,,,"UBI already exists, it‚Äôs for the asset rich only and it‚Äôs called QE

Paraphrasing 
@PrestonPysh",Dafne175,,"Feb 5, 2022",https://twitter.com/Dafne175/status/1489798129168044034,,
294,,,,The separation of money and state will be one the most important innovations of the 21st Century. Few #Bitcoin,CharlieShrem,,"Feb 4, 2022",https://twitter.com/CharlieShrem/status/1489327838213795843,,
295,,,,"""As the world is crashing, bitcoin keeps hashing."" ‚Äï 
@pilotfo64",btc_quotes,,"Feb 3, 2022",https://twitter.com/btc_quotes/status/1489146794118463493,,
296,,,,"Don‚Äôt ask taxi drivers if Uber is a good idea.

Don‚Äôt ask hotels if AirBnB is a good idea.

So why would you ask bankers if #Bitcoin is a good idea?",danheld,,"Feb 2, 2022",https://twitter.com/danheld/status/1488904606738530306,,
297,,,,"More than 4 billion people are unbanked because banks require everyone to be identified on every side of the transaction. This has built a totalitarian surveillance system that monitors every financial transaction from every corner of the planet. 
#Bitcoin solves this problem. ü•≥",aantonop,,"Jan 31, 2022",https://twitter.com/aantonop/status/1488163494524592133,,
298,,,,"#Bitcoin is the epitome of ""what doesn't kill you only makes you stronger"".",real_vijay,,"Jan 29, 2022",https://twitter.com/real_vijay/status/1487480002526343171,,
299,,,,I'm urging the IMF to run a full node.,ZLOK,,"Jan 26, 2022",https://twitter.com/ZLOK/status/1486190946186321921,,Pri
300,,,,"Bitcoin goes down you can buy cheap bitcoin
Bitcoin goes up you get rich

Everything is good for #bitcoin ü§£ü§£ü§£",PeterMcCormack,,"Jan 24, 2022",https://twitter.com/PeterMcCormack/status/1485593614432546822,,
301,,,,The drop from the $600‚Äôs to the $300‚Äôs in 2013 was just as scary for people who had first bought bitcoin. The difference? There wasn‚Äôt yet a country with bitcoin legal tender laws and the founder of Twitter had not yet quit to work on it full time.,skwp,,"Jan 24, 2022",https://twitter.com/skwp/status/1485426360193540098,,
302,,,,The reason you think bitcoin is volatile is because you've never actually experienced a free market before.,anilsaidso,,"Jan 24, 2022",https://twitter.com/anilsaidso/status/1485324490900848641,,
303,,,,MEME GIF: Bitcoin twitter marketing team,IwanRabbinstein,,"Jan 23, 2022",https://twitter.com/IwanRabbinstein/status/1485205489243799558,,
304,,,,"I believe that almost everyone, when it is explained simply to them, can understand why #Bitcoin is valuable.",real_vijay,,"Jan 23, 2022",https://twitter.com/real_vijay/status/1485071431171919872,,
305,,,,"I‚Äôm sorry everyone. I‚Äôm out. It‚Äôs been a cool experience, but honestly more pressure than I was ready for. I wanted to take a second to thank you all. I never thought I‚Äôd be saying this, but I sold everything. All of it. I‚Äôm not kidding. No punchline. I‚Äôm 200% in #Bitcoin now.",BitcoinSapiens,,"Jan 22, 2022",https://twitter.com/BitcoinSapiens/status/1484733906867953667,,
306,,,,MEME: Bitcoin vs Shitcoin,4anna_12,,"Apr 19, 2022",https://twitter.com/4anna_12/status/1516192259535945735,,
307,,,,"My phone‚Äôs photo album:

-99% memes, gifs, and bitcoin videos
-1% pictures of me and my real life",martys_owl,,"Mar 23, 2022",https://twitter.com/martys_owl/status/1506413943492857858,,
308,,,,A great investing strategy across almost any asset class is to simply be bullish when Twitter trolls are bearish.,APompliano,,"Jan 21, 2022",https://twitter.com/APompliano/status/1484531578135101449,,
309,,,,It will be easier for a camel to go through the eye of a needle than for the Federal Reserve to normalize interest rates without causing a massive global recession.,real_vijay,,"Jan 21, 2022",https://twitter.com/real_vijay/status/1484354072559771653,,
310,,,,"Bitcoin does not care. It just is. It does not rely on opinion, trust, faith or any other human emotion. It will be there for centuries to come. Surviving even human extinction. Most brains are unable to comprehend the significance of that fact. That's why it will win. It's math.",Mr21Million,,"Jan 20, 2022",https://twitter.com/Mr21Million/status/1483954426192834562,,
311,,,,I‚Äôve never heard of anyone who quit Bitcoin to join a bank.,yassineARK,,"Jan 19, 2022",https://twitter.com/yassineARK/status/1483802436963868678,,
312,,,,"There are currently ~$700 trillion of global *investment* assets:

Bonds: $137T
Stocks: $117T
Real Estate (ex-Agriculture): $290T
Art & Collectibles: $22T
Gold: $10T
M2 (cash, savings, etc): $130T

TOTAL = $706 trillion",jameslavish,,"Jan 19, 2022",https://twitter.com/jameslavish/status/1483820869780930565,,
313,,,,"At $42K per coin, $BTC market value = ~$900B, or .13% of global assets.

As individuals and asset managers learn about and gain comfort in #Bitcoin, this number grows.",jameslavish,,"Jan 19, 2022",https://twitter.com/jameslavish/status/1483820869780930565,,
314,,,,"1% = $7T = $337K $BTC
2% = $14T = $667K $BTC
3% = $21T = $1 Million $BTC

Forget S2F, use-case valuation models, or other scenarios. 

This is simple #math.",jameslavish,,"Jan 19, 2022",https://twitter.com/jameslavish/status/1483820869780930565,,
315,,,,"Is  @jack the only billionaire that actually wants to make the world better?
MEME: Satoshi: Am I a joke to you","zachherbert
bitcoinfool",,"Jan 18, 2022",https://twitter.com/zachherbert/status/1483441650001186817,,
316,,,,"The amount of attention @wef receives is inversely proportional to the org‚Äôs usefulness.

(it‚Äôs useless)",jack,,"Jan 19, 2022",https://twitter.com/jack/status/1483560622814081025,,
317,,,,"#Bitcoin has made me more:

- careful with my time
- patient
- stoic
- minimalist
- healthy
- honest
- analytical
- grateful
- anti-consumerist
- thoughtful
- holistic
- detail-oriented
- globally-minded
- long-termist

Bitcoin evolves our minds as much as our money.",obi,,"Jan 17, 2022",https://twitter.com/obi/status/1483136159601635335,,
318,,,,Martin Luther King would be deplatformed and censored today.,brucefenton,,"Jan 17, 2022",https://twitter.com/brucefenton/status/1483096779755294725,,
319,,,,"""Where liberty reigns, there is my country.""

- Benjamin Franklin on #Bitcoin",TheGuySwann,,"Jan 18, 2022",https://twitter.com/TheGuySwann/status/1483244891442401280,,
320,,,,sometimes I forget that bitcoin twitter is lightyears ahead of the rest of the world on practically every topic,DrBitcoinMD,,"Jan 17, 2022",https://twitter.com/DrBitcoinMD/status/1482940608071278593,,
321,,,,"I said bitcoin, they said blockchain.
I said bitcoin, they said altcoin.
I say bitcoin, they say NFT. 

ü§¶üèª‚Äç‚ôÇÔ∏èü§¶üèª‚Äç‚ôÇÔ∏èü§¶üèª‚Äç‚ôÇÔ∏è",sunny_bitcoin,,"Jan 16, 2022",https://twitter.com/sunny_bitcoin/status/1482675199833444352,,
322,,,,Hyperbitcoinization doesn't happen when people who like #Bitcoin want to buy.  It occurs when the people who hate Bitcoin have to buy.  üçªüòÇ,publordhodl,,"Jan 15, 2022",https://twitter.com/publordhodl/status/1482409359997116420,,
323,,,,"Fiat: pass the bill to the kids
Bitcoin: pass the wealth to the kids",btcdisciple,,"Jan 15, 2022",https://twitter.com/btcdisciple/status/1482417719513387016,,
324,,,,"Most people in ‚Äúcrypto‚Äù are buying with the intent to dump at a higher price. 

Most people in Bitcoin are buying with the intent to rewrite the monetary system. 

They are not the same.",rjsoltan,,"Jan 16, 2022",https://twitter.com/rjsoltan/status/1482500735782686722,,
325,,,,"Money is the music that orchestrates most human action.

When it is discordant and corrupt, human action is thrown into disharmony.

When it is free from coercion and concordant with free choice, human action flows harmoniously.",Breedlove22,,"Jan 15, 2022",https://twitter.com/Breedlove22/status/1482375107620208640,,Pri
326,,,,"It would be a dark, dark world if Bitcoin didn‚Äôt exist.",Alex Gladstein,,"Jan 15, 2022",https://twitter.com/TheBitcoinConf/status/1482369581427658753,,
327,,,,Happy #Sat urday!,saylor,,"Jan 15, 2022",https://twitter.com/saylor/status/1482370491918823430,,
328,,,,"Satoshi Nakamoto should be awarded the Nobel Prize in Economics, Physics, and Peace.",DocumentingBTC,,"Jan 14, 2022",https://twitter.com/DocumentingBTC/status/1481988807255805952,,
329,,,,I always suspected @jack would bring a gun to a samurai sword fig,PrestonPysh,,"Jan 13, 2022",https://twitter.com/PrestonPysh/status/1481336307053998080,,
330,,,,"I spend hours everyday in meetings discussing #Lightning projects and applications... and it feels like cheating. Like insider trading. 

How, just how could any of you be selling?!? Don't you know about the epic applications being built on #Bitcoin right now??",hmichellerose,,"Jan 13, 2022",https://twitter.com/hmichellerose/status/1481356308544724995,,
331,,,,"bitcoin vs crypto
conviction vs fad following
missionaries vs mercenaries
sound money vs tech startups
digital commodities vs unregistered securities
wealth preservation vs get rich quick
low vs high time preference

we are not the same",lopp,,"Jan 13, 2022",https://twitter.com/lopp/status/1481617414802616320,,
332,,,,#Bitcoin will be the dominant monetary network because of the Maximalists.,saylor,,,,,
334,,,,"Just had a fight with my parents about #GetOnZero. I said I put all my money in #Bitcoin, bought more with debt, and pay for expenses with a 0% credit card. They said I was stupid and asked ‚ÄúWhat will you do if you lose your job?!‚Äù I said ‚ÄúFuck my wife and then buy more #Bitcoin‚Äù",deepfuckinghodl,,"Jan 12, 2022",https://twitter.com/deepfuckinghodl/status/1481104795306008576,,
335,,,,MEME Video,reelrichard,,"Jul 11, 2021",https://twitter.com/reelrichard/status/1414210797681594375,,
336,,,,MEME Video,reelrichard,,"Jan 3, 2022",https://twitter.com/reelrichard/status/1478006004113494018,,
338,,,,"MEME VIdeo: Saylor, Elon, Pomp",CarlBMenger,,"Jan 9, 2022",https://twitter.com/CarlBMenger/status/1479957619360075795,,
339,,,,"Almost got scammed on a bitcoin exchange. Not hacked or anything, but I logged in and there's a button to sell for fiat.",pourteaux,,"Jan 10, 2022",https://twitter.com/pourteaux/status/1480304026977804297,,
340,,,,"#Bitcoin is not a once-in-a-lifetime opportunity.

It‚Äôs a once-in-your-bloodline opportunity.",t_demetz,,"Jan 10, 2022",https://twitter.com/t_demetz/status/1480326979601805315,,
341,,,,"Quick reminder thst 1.00000000 #bitcoin has a PRICE of $42k USD, but a VALUE of $100 million USD.",parman_the,,"Jan 9, 2022",https://twitter.com/parman_the/status/1480235225804279812,,
342,,,,"Basic Mathematics 
MEME: Pic",TheBTCTherapist,,"Jan 8, 2022",https://twitter.com/TheBTCTherapist/status/1479849762455269380,,
343,,,,"‚ÄúI had to write all the code before I could convince myself that I could solve every problem, then I wrote the paper.‚Äù

‚Äî Satoshi Nakamoto","DocumentingBTC
",,"Jan 9, 2022",https://twitter.com/DocumentingBTC/status/1480020497882570753,,
344,,,,"Projects like @getumbrel and @RaspiBlitz have put tens of thousands of servers into people‚Äôs homes. Easy to imagine these little baks will eventually also become email, chat, cloud storage and social media replacements. Powered by Tor, Bittorrent and Bitcoin. The real ‚ÄúWeb3.‚Äù",LeoAW,,"Jan 8, 2022",https://twitter.com/LeoAW/status/1479690616372084738,,
345,,,,Bitcoin Maximalists shall inherit the Earth.,BitcoinErrorLog,,"Jan 7, 2022",https://twitter.com/BitcoinErrorLog/status/1479169232239837185,,
346,,,,First you buy some bitcoin. Then you read up. Then you buy some shitcoins. Then you read up even more and dump your shitcoins. Then you dump your entire stock portfolio and go all-in bitcoin. Then you do some shitposting on Twitter. Then you move to some place abroad with no tax.,softsimon_,,"Jan 3, 2022",https://twitter.com/softsimon_/status/1477714018379132929,,
347,,,,‚ÄúIt is the first responsibility of every citizen to question authority.‚Äù - Benjamin Franklin,APompliano,,"Jan 3, 2022",https://twitter.com/APompliano/status/1478021016148447235,,
348,,,,"Instead of 1 #bitcoin, always write 1.0 bitcoin.

It teaches that it's divisible.",parman_the,,"Jan 2, 2022",https://twitter.com/parman_the/status/1477616606293282819,,
349,,,,"24 pages into The Sovereign Individual and they mention ‚Äúcybercurrencies‚Äù

‚ÄúWhen individuals can conduct their own monetary policies over the web it will matter less or not at all that the state continues to control the industrial-era printing press‚Äù

Fucking nailed it #Bitcoin",BtCoinapparel,,"Jan 1, 2022",https://twitter.com/BtCoinapparel/status/1477342860458532865,,
350,,,,"Until you‚Äôve coded the fundamental building blocks of a #blockchain application with your own hands, you will not be able to intuit the difference between empty hype and realizable possibility.

Jimmy Song, Programming Bitcoin.","zinsouoliviers
",,"Dec 3, 2021",https://twitter.com/zinsouoliviers/status/1466589991312629766,,
351,,,,"Don‚Äôt tell me #Bitcoin wealth is centralized when just 7 men on this planet are worth over $1,000,000,000,000.",Dennis_Porter_,,"Jan 2, 2022",https://twitter.com/Dennis_Porter_/status/1477400628573859840,,
352,,,,"Bitcoin doesn‚Äôt care about your personal preferences, gender, race, politics, or any of your bullshit. Leave all that shit behind.

If your UTXO is confirmed, you are free.",nvk,,"Jan 2, 2022",https://twitter.com/nvk/status/1477510867780616193,,
353,,,,"If it was not for Satoshi Nakamoto for who introduced the whole idea of DeCentralised Payment And Monetary system,
The Human Civilisation was not safe in the hands of Centralised Monetary organization.",Shivfreespirit,,"Jan 1, 2022",https://twitter.com/Shivfreespirit/status/1477281024115572738,,
354,,,,"2022 predictions on #Bitcoin:

‚Ä¢Will reach $100k
‚Ä¢2 more countries will adopt it as legal tender
‚Ä¢Will become a major electoral issue in US elections this year
‚Ä¢Bitcoin City will commence construction
‚Ä¢Volcano bonds will be oversubscribed
‚Ä¢Huge surprise at 
@TheBitcoinConf",nayibbukele,,"Jan 2, 2022",https://twitter.com/nayibbukele/status/1477464599612076038,,
355,,,,ETH‚Äôs monetary policy,maxkeiser,,"Jan 1, 2022",https://twitter.com/maxkeiser/status/1477314180688588801,,
356,,,,"‚ÄúThe secret of change is to focus all of your energy, not on fighting the old, but on building the new.‚Äù - Socrates on #Bitcoin",saylor,,"Jan 1, 2022",https://twitter.com/saylor/status/1477285331582042119,,
357,,,,"Happy New Year!

2021: 
#Bitcoin +60%
Real Estate +35%
Stocks +27%
Bonds -2%
Gold -4%",100trillionUSD,,"Dec 31, 2021",https://twitter.com/100trillionUSD/status/1476892780576354309,,
358,,,,"Elon knocks bitcoin, and people dump. @saylor immediately buys up the coins and locks them away.

Do the two things seem coordinated at all?",Mike_OntheLam,,"Dec 30, 2021",https://twitter.com/Mike_OntheLam/status/1476574393534926851,,
359,,,,"Satoshi Nakamoto will have more impact on humanity than any other human on earth. 

#Bitcoin",CedYoungelman,,"Dec 30, 2021",https://twitter.com/CedYoungelman/status/1476435822383611907,,
360,,,,MEME: Doom - NFT Screenshots,mutantsimia,,"Dec 28, 2021",https://twitter.com/mutantsimian/status/1475644644344143882,,Pri
361,,,,"When you realize only 1% of the world owns #bitcoin and it‚Äôs worth $50k.

Wait until 3% own it.

Few.",TheEricNorris,,"Dec 28, 2021",https://twitter.com/TheEricNorris/status/1475607125770518536,,
362,,,,"#Bitcoin is not special b/c it's a cryptocurrency. BTC is special b/c it's the *ONLY* consensus protocol that preserves a permissionless, trustless, non-abusive control structure over the state & chain of custody of monetizable property.

Get it? There's a *BIG* difference.",JasonPLowery,,"Dec 26, 2021",https://twitter.com/JasonPLowery/status/1475153433640390657,,
363,,,,"‚ÄúOf all the 36 ways to get out of trouble, the best way is to leave‚Äù 
- old Chinese proverb

Don‚Äôt fight against legacy institutions, just leave, time to build parallel systems starting with #Bitcoin",1MarkMoss,,"Dec 26, 2021",https://twitter.com/1MarkMoss/status/1475088560244072449,,
364,,,,"If you still think that Trump, Clinton and Biden are on different teams you‚Äôre not going to make it. 

#Bitcoin",CedYoungelman,,"Dec 26, 2021",https://twitter.com/CedYoungelman/status/1474860908870520839,,
365,,,,"When someone you follow starts shitcoining
MEME",MOSCOWMEMETARDS,,"Dec 26, 2021",https://twitter.com/MOSCOWMEMETARDS/status/1474985722855624704,,
367,,,,MEME Pic: Never argue with someone whose TV is bigger than their Bookshelf,Breedlove22,,"Dec 26, 2021",https://twitter.com/Breedlove22/status/1475007428471123972,,
368,,,,"I‚Äôm not anti ETH. I‚Äôm anti-centralized, VC-owned, single point of failure, and corporate controlled lies. If your goal is anti establishment, I promise you it isn‚Äôt ethereum. Don‚Äôt believe or trust me! Just look at the fundamentals.",jack,,"Dec 23, 2021",https://twitter.com/jack/status/1473887809211711491,,
369,,,,"Don't just stack sats and ammo

Stack neighbors that share your values",FreeStateNH,,"Dec 21, 2021",https://twitter.com/FreeStateNH/status/1473300913989333005,,
370,,,,"Web 2.0 = you are the product

Web3 = you are the exit liquidity for the premine",bradmillscan,,"Dec 21, 2021",https://twitter.com/bradmillscan/status/1473304571934085128,,
371,,,,MEME Video: Saylor Pump it up,plebmusic,,"Dec 16, 2021",https://twitter.com/plebmusic/status/1471535995866820619,,
372,,,,"They stack jabs, we stack sats. 
They put on masks, we put on muscles.
They raise debt ceiling while we are raising future generations. 

They are NGMI, we will.",KatieTheRussian,,"Dec 13, 2021",https://twitter.com/KatieTheRussian/status/1470458220426809348,,
373,,,,"11 years ago today, Satoshi Nakamoto sent his final public post on the #Bitcoin forum. 

The genius to change the world, the humility to walk away ‚ú®
PHOTO: Satoshi forum profile",pete_rizzo_,,"Dec 12, 2021",https://twitter.com/pete_rizzo_/status/1470020248644591621,,
374,,,,IBM certified NGMI,saifedean,,"Dec 5, 2021",https://twitter.com/saifedean/status/1467431096367390728,,
375,,,,"Britain's reserve currency status lasted 105 years.
France's reserve currency status lasted 95 years.
Spain's reserve currency status lasted 111 years.

USA's reserve currency status is on year 99.

The Bitcoin Standard is coming.","danheld
",,"Dec 2, 2021",https://twitter.com/danheld/status/1466442323580104715,,
376,,,,VIDEO: WAR DOGS Meme,UnderOil,,"Dec 4, 2021",https://twitter.com/UnderOil/status/1467048068243677188,,
377,,,,PHOTO MEME: No coiners vs Bitcoiners,RD_btc,,"Dec 3, 2021",https://twitter.com/RD_btc/status/1466767577712107524,,
378,,,,"Socialist times create sovereign individuals.
Sovereign individuals create plentiful times.
Plentiful times create woke individuals.
Woke individuals create socialist times.",lopp,,"Dec 3, 2021",https://twitter.com/lopp/status/1466773922754478081,,
379,,,,yeah sex is great but have you ever tried fucking authorities,lopp,,"Dec 1, 2021",https://twitter.com/lopp/status/1465825971773267978,,
380,,,,Even @jack leaving his fiat job for #Bitcoin üòÖ,KatieTheRussian,,"Nov 29, 2021",https://twitter.com/KatieTheRussian/status/1465331573725802502,,
381,,,,VIDEO: MEME: Satoshi: LOtR,TheGuySwann,,"Nov 29, 2021",https://twitter.com/TheGuySwann/status/1465335003257188362,,
382,,,,"Twitter taught me more than any school, university, or website ever could. It gave me a voice, an audience, and a new career, and it made me a much better writer.

I am forever grateful to you for building my favorite website, @jack, and I can't wait to see what you build next!",saifedean,,"Nov 29, 2021",https://twitter.com/saifedean/status/1465360996982267912,,
383,,,,Future history books will be written by bitcoiners. Keep that in mind when choosing your stance on a current issue.,knutsvanholm,,"Nov 28, 2021",https://twitter.com/knutsvanholm/status/1464918651476320259,,
384,,,,"A sword can start a war.

A pen can start a revolution.

But a decentralized network can withstand both.",APompliano,,"Nov 28, 2021",https://twitter.com/APompliano/status/1464818869848219654,,
385,,,,"Remember, it's rude to evangelize Bitcoin at Thanksgiving dinner unless a related topic comes up such as

Food costs
Housing market
Pandemic
Politics
Energy
Inflation
Supply chains
Personal finance
Metaverse
Economics
Taxes
Freedom
Privacy
Technology
Capitalism
Human rights",lopp,,"Nov 25, 2021",https://twitter.com/lopp/status/1463872356468854786,,
386,,,,"1/ In 2013 a young, impatient developer decided that Bitcoin wasn‚Äôt scaling the way he wanted it to. 

After a 70% premine and one of the first ICO‚Äôs, Ethrerium was born, paving the way for even more innuhvation.

Here‚Äôs a #thread üßµ of the many wonderful altcoins that followed:",BVBTC,,"Nov 25, 2021",https://twitter.com/BVBTC/status/1463536221691334657,,
387,,,,bitcoin-cli getblock 00000000000000ecbbff6bafb7efa2f7df05b227d5c73dca8f2635af32a2e949 0 | tail -c+92167 | for ((o=0;o<946;++o)) ; do read -rN420 x ; echo -n ${x::130}${x:132:130}${x:264:130} ; done | xxd -r -p | tail -c+9 | head -c184292 > bitcoin.pdf,lopp,,"Jan 23, 2021",https://twitter.com/lopp/status/1352896865478565889,,
388,,,,"@VitalikButerin, 4 years down the line, with the crypto market cap now at $2.58T, how‚Äôs banking the unbanked going?",PeterMcCormack,,"Nov 22, 2021",https://twitter.com/PeterMcCormack/status/1462703375909281793,,
389,,,,"If a currency that runs itself can cause a collapse of your money which require millions of employees to function, perhaps your setup might be inefficient.",KatieTheRussian,,"Nov 20, 2021",https://twitter.com/KatieTheRussian/status/1461876108366954502,,
390,,,,"Fiat Facts. Save accordingly. #Bitcoin

PHOTO MEME: In BRRR we trust",CedYoungelman,,"Nov 5, 2021",https://twitter.com/CedYoungelman/status/1456653031806734338,,
391,,,,"Normies: owning bitcoin is risky

Me: owning anything other than bitcoin is risky",DrBitcoinMD,,"Nov 6, 2021",https://twitter.com/DrBitcoinMD/status/1456757720716136455,,
392,,,,Lightning is for Bitcoin what Wifi is for the Internet.,raphschoen,,"Nov 3, 2021",https://twitter.com/raphschoen/status/1455802428717248514,,
393,,,,"The hardest pill to swallow:

Your national currency is a scam. A small elite is getting disproportionally wealthy because of the fact that its supply can be increased at no cost

The second hardest:

There is, and can only ever be, one form of deflationary money - #Bitcoin",knutsvanholm,,"Nov 3, 2021",https://twitter.com/knutsvanholm/status/1455866785782173698,,
394,,,,"Today is the 13th anniversary of the #Bitcoin white paper.
Here's my short video tribute to the Cypherpunks, Satoshi, and Bitcoin üëá
VIDEO",danheld,,"Oct 31, 2021",https://twitter.com/danheld/status/1454814737880002561,,
395,,,,"Satoshi started a fire in cyberspace. While the fearful run from it and fools dance around it, the faithful feed the flame, and dream of a world bathed in the warm glow of cyberlight. #Bitcoin",saylor,,"Oct 31, 2021",https://twitter.com/saylor/status/1454791784408784898,,
396,,,,"Fiat is all debt. Debt brings consumption forward.

#Bitcoin is saving. Savings delays consumption.

Which do you think conserves the environment?",jimmysong,,"Oct 28, 2021",https://twitter.com/jimmysong/status/1453560778259419140,,
397,,,,"Don't chase salary, chase your passion.",real_vijay,,"Oct 26, 2021",https://twitter.com/real_vijay/status/1452727210352070656,,
399,,,,Volcanode,nayibbukele,,"Sep 19, 2021",https://twitter.com/nayibbukele/status/1442953678525067265,,
400,,,,"If Bitcoin exists for 20 years, there will be near-universal confidence that it will be available forever, much as people believe the Internet is a permanent feature of the modern world.",real_vijay,,"Dec 12, 2020",https://twitter.com/real_vijay/status/1337529892959780864,,
401,,,,El Salvador is a very dangerous country. People go there and lose their cold wallets in volcano accidents. Happened to me too.,olya_borderless,,"Oct 1, 2021",https://twitter.com/olya_borderless/status/1443869511271264260,,
402,,,,"Fiat: Governments are money printers 

Crypto: Everyone is a money printer 

#Bitcoin: No one is a money printer 

Choose wisely",pete_rizzo_,,"Sep 30, 2021",https://twitter.com/pete_rizzo_/status/1443570137144205312,,
403,,,,"A vulnerability in money was introduced in 1971.

Satoshi Nakamoto released a fix in 2009.",sthenc,,"Sep 28, 2021",https://twitter.com/sthenc/status/1442579740368408576,,
404,,,,Video: Steve job on Bitcoiners,BitcoinMemeHub,,"Feb 15, 2021",https://twitter.com/BitcoinMemeHub/status/1361189777471664131,,
405,,,,"Bitcoin‚Äôs monetary policy is beautifully simple.
PHOTO: Summation formula",anilsaidso,,"Sep 10, 2021",https://twitter.com/anilsaidso/status/1436396517636464642,,
406,,,,"#bitcoin is my ‚Äòcountry‚Äô.

Bitcoiners are my countrymen.",johnkvallis,,"Sep 10, 2021",https://twitter.com/johnkvallis/status/1436142096004620296,,
407,,,,"‚ÄúWhat do you say to someone watching who is still a little bit leery about #Bitcoin?‚Äù

My response: VIDEO",bitcoinzay,,"Sep 10, 2021",https://twitter.com/bitcoinzay/status/1436137227671818241,,
408,,,,A bitcoin transaction can be transmitted over completely unsecured Wi-Fi. By smoke signal. By light signal. With carrier pigeons. It doesn‚Äôt matter. Nothing in that message can be compromised.,aantonop,,"Sep 8, 2021",https://twitter.com/aantonop/status/1435600079914737666,,
409,,,,It was a MicroStrategy until it became a MacroStrategy. #Bitcoin,saylor,,"Aug 31, 2021",https://twitter.com/saylor/status/1432675580688977927,,
410,,,,It's 2021 and there are still people who believe the govt acts in the best interest of the public.,HodlingCarla,,"Aug 20, 2021",https://twitter.com/HodlingCarla/status/1428720362125242371,,
411,,,,"""Since we‚Äôre all rich with bitcoins, or we will be once they're worth a million dollars like everyone expects, we ought to put some of this unearned wealth to good use.‚Äù 

- Hal Finney",halfin,,,,,
412,,,,"If $BTC goes to 0, $ETH goes to 0 too; if $ETH goes to 0, $BTC goes up. You don't need to be very smart to understand that.",yangleicq,,"Aug 8, 2021",https://twitter.com/yangleicq/status/1424239377421504517,,
413,,,,"Explaining why politicians should support certain Bitcoin legislation < orange pilling politicians to personally own BTC.

Incentives trump arguments.",lopp,,"Aug 8, 2021",https://twitter.com/lopp/status/1424361172854349827,,
414,,,,"SpaceX owns Bitcoin. Bitcoin going to the moon, confirmed.",DocumentingBTC,,"Jul 12, 2021",https://twitter.com/DocumentingBTC/status/1417976439509499905,,
415,,,,PHOTO: Satoshi lives,DocumentingBTC,,"Jul 20, 2021",https://twitter.com/DocumentingBTC/status/1417214472301727745,,
416,,,,"The land of the free and home of the brave is no longer a physical country

#Bitcoin",knutsvanholm,,"Jul 5, 2021",https://twitter.com/knutsvanholm/status/1412022012181110788,,
417,,,,"I used to wonder how bitcoiners knew so much, but then I realized people who know things become bitcoiners.",allenf32,,"Jun 16, 2021",https://twitter.com/allenf32/status/1393976998062706696,,
418,,,,"I didn't think I could get more bullish about #Bitcoin but then I listened to President @nayibbukele talk about making it legal tender in his country on Twitter spaces in front of an audience of over 20,000 enraptured people around the world.",real_vijay,,"Jun 9, 2021",https://twitter.com/real_vijay/status/1402503525880320003,,
419,,,,"One thing I‚Äôve always admired about Steve Jobs is that he never even looked at Apple‚Äôs stock price.

He knew where his company was going.

The stock market will follow, when they understand.

1 #BTC = 1 #BTC",nayibbukele,,"Jun 7, 2021",https://twitter.com/nayibbukele/status/1401645147557974017,,
420,,,,"I was talking to a nocoiner who was attending the #BitcoinConference with a friend.  He said the interesting thing was that he hadn't heard one person talk about buying #Bitcoin to ""get rich"".  I told him that's because we are here to change the world.  He gets it now.",publordhodl,,"Jun 6, 2021",https://twitter.com/publordhodl/status/1401499701434884099,,
421,,,,"#Bitcoin layer-2 will increasingly make altcoins/appcoins redundant. Most use cases will never touch the base layer, because the base layer is hyper-optimized for security and verifiability.",notgrubles,,"May 26, 2021",https://twitter.com/notgrubles/status/1397310183588630531,,
422,,,,"#Bitcoin is TCP/IP

Ethereum is AOL

Bsc is CompuServe",TheGuySwann,,"May 26, 2021",https://twitter.com/TheGuySwann/status/1397329917252149248,,Pri
423,,,,"""The proof-of-work speaks for itself."" - Satoshi Nakamoto",DocumentingBTC,,"May 26, 2021",https://twitter.com/DocumentingBTC/status/1397333219083702272,,
424,,,,"#Bitcoin crashed 50% and nobody needed a bailout.

That‚Äôs how markets should work! ü•∏",BTC_Archive,,"May 25, 2021",https://twitter.com/BTC_Archive/status/1397224992769728513,,Pri
425,,,,We choose volatile growth over stable debasement.,real_vijay,,"May 22, 2021",https://twitter.com/real_vijay/status/1395873710238699520,,
426,,,,"My full node regulates #Bitcoin with infinitely more sound, objective, & accountable policy than the Fed or US govt has EVER even come close to providing for the dollar.

The idea that they are needed to ""regulate"" #Bitcoin is a joke of epic proportions.",TheGuySwann,,"May 5, 2021",https://twitter.com/TheGuySwann/status/1389729719290052611,,
427,,,,The only reason Satoshi hasn't won a Nobel Prize in Economics & the Nobel Peace Prize is because mainstream thinking is so narrow-minded & sterile that they *still* don't understand that what Satoshi invented is the biggest breakthrough for both categories in 500 yrs.,TheGuySwann,,"May 9, 2021",https://twitter.com/TheGuySwann/status/1369335732641411083,,
428,,,,MEME Video,Cryptanzee,,"May 5, 2021",https://twitter.com/Cryptanzee/status/1367798492479901706,,
429,,,,"""One of the greatest things that Satoshi did was disappear."" ‚Äï 
@jimmysong",btc_quotes,,"May 3, 2021",https://twitter.com/btc_quotes/status/1367022163262398468,,
430,,,,WAR MEME,Dooowta,,"Nov 27, 2020",https://twitter.com/Dooowta/status/1332081140136517633,,
433,,,,"If you can‚Äôt convince your loved ones to buy bitcoin, take it upon yourself to accumulate as much as possible to bring them with you. 

You are their Noah.",AtticusBitty,,"Mar 5, 2022",https://twitter.com/AtticusBitty/status/1499888966421594112,,
434,,,,There is nothing more American than #bitcoin,Vikingobitcoin2,,"Mar 3, 2022",https://twitter.com/Vikingobitcoin2/status/1499190999410749444,,
435,,,,"Total fines paid by banks in the last 10 years:

$334,299,095,239

But I thought only #Bitcoin was used by criminals?ü§î",danheld,,"Feb 13, 2022",https://twitter.com/danheld/status/1492855575675342848,,
437,,,,MEME: Wakeup acll,CarlBMenger,,"Feb 10, 2022",https://twitter.com/CarlBMenger/status/1491815097764913152,,
438,,,,Looking at everything that's happening around the world right now and realizing it's all just one giant ad for #Bitcoin,anilsaidso,,"Feb 5, 2022",https://twitter.com/anilsaidso/status/1489857385120210945,,
440,,,,Saving in #Bitcoin both protects your purchasing power and is a way of boycotting central banking. Win-Win.,Breedlove22,,"Jan 12, 2022",https://twitter.com/Breedlove22/status/1481065792515059713,,
443,,,,MEME: Bitcoin vs Fiat,LuckyCa69538496,,,https://twitter.com/LuckyCa69538496/status/1479841188567998467,,
444,,,,"#Bitcoin was invented to make the world better, not as a business model justification.",raphschoen,,"Jan 1, 2022",https://twitter.com/raphschoen/status/1476996331466117121,,
445,,,,Altcoins are created to take your Bitcoin.,MrHodl,,"Jun 25, 2019",https://twitter.com/MrHodl/status/1143493322599743489,,
447,,,,"Freedom of bodily autonomy is non negotiable. I own 2 things in this world:

1. My body
2. My private keys

It's a hill worth dying on.",Bitcoin__Dragon,,"Nov 28, 2021",https://twitter.com/Bitcoin__Dragon/status/1465009283179839494,,
448,,,,"IMF warns El Salvador about #Bitcoin ü§°ü§°ü§°

El Salvador: Buys 100 #Bitcoin! üòéüòéüòé",BTC_Archive,,"Nov 21, 2021",https://twitter.com/BTC_Archive/status/1464319207378722822,,
449,,,,"El Salvador just bought the dip.

100 extra coins acquired with a discount ü•≥

#Bitcoin üá∏üáª",nayibbukele,,"Nov 27, 2021",https://twitter.com/nayibbukele/status/1464307422793715716,,
450,,,,"‚Äú#Bitcoin not #Crypto‚Äù is the first step of your recovery process.
MEME: Photo",Xentagz,,"Nov 24, 2021",https://twitter.com/Xentagz/status/1463390691485265921,,
451,,,,Not attacking #Bitcoin is an attack on Bitcoin.,TomerStrolight,,"May 6, 2022",https://twitter.com/TomerStrolight/status/1522628445083217921,,
456,,,,,,,,,,
457,,,,,,,,,,
458,,,,,,,,,,
459,,,,,,,,,,
460,,,,,,,,,,
461,,,,,,,,,,
462,,,,,,,,,,
463,,,,,,,,,,
464,,,,,,,,,,
465,,,,,,,,,,
466,,,,,,,,,,
467,,,,,,,,,,
468,,,,,,,,,,
469,,,,,,,,,,
470,,,,,,,,,,
471,,,,,,,,,,
472,,,,,,,,,,
473,,,,,,,,,,
474,,,,,,,,,,
475,,,,,,,,,,
476,,,,,,,,,,
477,,,,,,,,,,
478,,,,,,,,,,
479,,,,,,,,,,
480,,,,,,,,,,
481,,,,,,,,,,
482,,,,,,,,,,
483,,,,,,,,,,
484,,,,,,,,,,
485,,,,,,,,,,
486,,,,,,,,,,
487,,,,,,,,,,
488,,,,,,,,,,
489,,,,,,,,,,
490,,,,,,,,,,
491,,,,,,,,,,
492,,,,,,,,,,
493,,,,,,,,,,
494,,,,,,,,,,Pri
495,,,,,,,,,,
496,,,,,,,,,,
497,,,,,,,,,,
498,,,,,,,,,,
499,,,,,,,,,,
500,,,,,,,,,,
501,,,,,,,,,,
502,,,,,,,,,,
503,,,,,,,,,,
504,,,,,,,,,,
505,,,,,,,,,,
506,,,,,,,,,,
507,,,,,,,,,,
508,,,,,,,,,,
509,,,,,,,,,,
510,,,,,,,,,,
511,,,,,,,,,,
512,,,,,,,,,,